"HealthTopic","Population","Indicator","Unit","Time","RegionCode","RegionName","NumValue","TxtValue"
"Antimicrobial resistance","Escherichia coli|Third-generation cephalosporins","Total tested isolates","N","2000","DE","Germany",180.000000000,""
"Antimicrobial resistance","Escherichia coli|Third-generation cephalosporins","Total tested isolates","N","2000","EE","Estonia",1.000000000,""
"Antimicrobial resistance","Escherichia coli|Third-generation cephalosporins","Total tested isolates","N","2000","EL","Greece",361.000000000,""
"Antimicrobial resistance","Escherichia coli|Third-generation cephalosporins","Total tested isolates","N","2000","NL","Netherlands",977.000000000,""
"Antimicrobial resistance","Escherichia coli|Third-generation cephalosporins","Total tested isolates","N","2000","NO","Norway",918.000000000,""
"Antimicrobial resistance","Escherichia coli|Third-generation cephalosporins","Total tested isolates","N","2000","SE","Sweden",1.000000000,""
"Antimicrobial resistance","Escherichia coli|Third-generation cephalosporins","Total tested isolates","N","2001","AT","Austria",257.000000000,""
"Antimicrobial resistance","Escherichia coli|Third-generation cephalosporins","Total tested isolates","N","2001","BE","Belgium",222.000000000,""
"Antimicrobial resistance","Escherichia coli|Third-generation cephalosporins","Total tested isolates","N","2001","BG","Bulgaria",90.000000000,""
"Antimicrobial resistance","Escherichia coli|Third-generation cephalosporins","Total tested isolates","N","2001","CZ","Czechia",1167.000000000,""
"Antimicrobial resistance","Escherichia coli|Third-generation cephalosporins","Total tested isolates","N","2001","DE","Germany",1258.000000000,""
"Antimicrobial resistance","Escherichia coli|Third-generation cephalosporins","Total tested isolates","N","2001","EE","Estonia",51.000000000,""
"Antimicrobial resistance","Escherichia coli|Third-generation cephalosporins","Total tested isolates","N","2001","EL","Greece",569.000000000,""
"Antimicrobial resistance","Escherichia coli|Third-generation cephalosporins","Total tested isolates","N","2001","ES","Spain",1454.000000000,""
"Antimicrobial resistance","Escherichia coli|Third-generation cephalosporins","Total tested isolates","N","2001","FI","Finland",1207.000000000,""
"Antimicrobial resistance","Escherichia coli|Third-generation cephalosporins","Total tested isolates","N","2001","HR","Croatia",182.000000000,""
"Antimicrobial resistance","Escherichia coli|Third-generation cephalosporins","Total tested isolates","N","2001","HU","Hungary",262.000000000,""
"Antimicrobial resistance","Escherichia coli|Third-generation cephalosporins","Total tested isolates","N","2001","IS","Iceland",86.000000000,""
"Antimicrobial resistance","Escherichia coli|Third-generation cephalosporins","Total tested isolates","N","2001","LU","Luxembourg",187.000000000,""
"Antimicrobial resistance","Escherichia coli|Third-generation cephalosporins","Total tested isolates","N","2001","MT","Malta",65.000000000,""
"Antimicrobial resistance","Escherichia coli|Third-generation cephalosporins","Total tested isolates","N","2001","NL","Netherlands",1446.000000000,""
"Antimicrobial resistance","Escherichia coli|Third-generation cephalosporins","Total tested isolates","N","2001","NO","Norway",964.000000000,""
"Antimicrobial resistance","Escherichia coli|Third-generation cephalosporins","Total tested isolates","N","2001","PL","Poland",99.000000000,""
"Antimicrobial resistance","Escherichia coli|Third-generation cephalosporins","Total tested isolates","N","2001","PT","Portugal",418.000000000,""
"Antimicrobial resistance","Escherichia coli|Third-generation cephalosporins","Total tested isolates","N","2001","SE","Sweden",2627.000000000,""
"Antimicrobial resistance","Escherichia coli|Third-generation cephalosporins","Total tested isolates","N","2001","SI","Slovenia",398.000000000,""
"Antimicrobial resistance","Escherichia coli|Third-generation cephalosporins","Total tested isolates","N","2001","SK","Slovakia",45.000000000,""
"Antimicrobial resistance","Escherichia coli|Third-generation cephalosporins","Total tested isolates","N","2001","UK","United Kingdom",1154.000000000,""
"Antimicrobial resistance","Escherichia coli|Third-generation cephalosporins","Total tested isolates","N","2002","AT","Austria",477.000000000,""
"Antimicrobial resistance","Escherichia coli|Third-generation cephalosporins","Total tested isolates","N","2002","BE","Belgium",1181.000000000,""
"Antimicrobial resistance","Escherichia coli|Third-generation cephalosporins","Total tested isolates","N","2002","BG","Bulgaria",135.000000000,""
"Antimicrobial resistance","Escherichia coli|Third-generation cephalosporins","Total tested isolates","N","2002","CZ","Czechia",1585.000000000,""
"Antimicrobial resistance","Escherichia coli|Third-generation cephalosporins","Total tested isolates","N","2002","DE","Germany",1064.000000000,""
"Antimicrobial resistance","Escherichia coli|Third-generation cephalosporins","Total tested isolates","N","2002","EE","Estonia",65.000000000,""
"Antimicrobial resistance","Escherichia coli|Third-generation cephalosporins","Total tested isolates","N","2002","EL","Greece",581.000000000,""
"Antimicrobial resistance","Escherichia coli|Third-generation cephalosporins","Total tested isolates","N","2002","ES","Spain",2475.000000000,""
"Antimicrobial resistance","Escherichia coli|Third-generation cephalosporins","Total tested isolates","N","2002","FI","Finland",1270.000000000,""
"Antimicrobial resistance","Escherichia coli|Third-generation cephalosporins","Total tested isolates","N","2002","FR","France",2495.000000000,""
"Antimicrobial resistance","Escherichia coli|Third-generation cephalosporins","Total tested isolates","N","2002","HR","Croatia",490.000000000,""
"Antimicrobial resistance","Escherichia coli|Third-generation cephalosporins","Total tested isolates","N","2002","HU","Hungary",350.000000000,""
"Antimicrobial resistance","Escherichia coli|Third-generation cephalosporins","Total tested isolates","N","2002","IE","Ireland",732.000000000,""
"Antimicrobial resistance","Escherichia coli|Third-generation cephalosporins","Total tested isolates","N","2002","IS","Iceland",82.000000000,""
"Antimicrobial resistance","Escherichia coli|Third-generation cephalosporins","Total tested isolates","N","2002","IT","Italy",614.000000000,""
"Antimicrobial resistance","Escherichia coli|Third-generation cephalosporins","Total tested isolates","N","2002","LU","Luxembourg",192.000000000,""
"Antimicrobial resistance","Escherichia coli|Third-generation cephalosporins","Total tested isolates","N","2002","MT","Malta",74.000000000,""
"Antimicrobial resistance","Escherichia coli|Third-generation cephalosporins","Total tested isolates","N","2002","NL","Netherlands",1994.000000000,""
"Antimicrobial resistance","Escherichia coli|Third-generation cephalosporins","Total tested isolates","N","2002","NO","Norway",1118.000000000,""
"Antimicrobial resistance","Escherichia coli|Third-generation cephalosporins","Total tested isolates","N","2002","PL","Poland",130.000000000,""
"Antimicrobial resistance","Escherichia coli|Third-generation cephalosporins","Total tested isolates","N","2002","PT","Portugal",442.000000000,""
"Antimicrobial resistance","Escherichia coli|Third-generation cephalosporins","Total tested isolates","N","2002","RO","Romania",28.000000000,""
"Antimicrobial resistance","Escherichia coli|Third-generation cephalosporins","Total tested isolates","N","2002","SE","Sweden",3062.000000000,""
"Antimicrobial resistance","Escherichia coli|Third-generation cephalosporins","Total tested isolates","N","2002","SI","Slovenia",409.000000000,""
"Antimicrobial resistance","Escherichia coli|Third-generation cephalosporins","Total tested isolates","N","2002","SK","Slovakia",214.000000000,""
"Antimicrobial resistance","Escherichia coli|Third-generation cephalosporins","Total tested isolates","N","2002","UK","United Kingdom",1703.000000000,""
"Antimicrobial resistance","Escherichia coli|Third-generation cephalosporins","Total tested isolates","N","2003","AT","Austria",977.000000000,""
"Antimicrobial resistance","Escherichia coli|Third-generation cephalosporins","Total tested isolates","N","2003","BE","Belgium",1316.000000000,""
"Antimicrobial resistance","Escherichia coli|Third-generation cephalosporins","Total tested isolates","N","2003","BG","Bulgaria",158.000000000,""
"Antimicrobial resistance","Escherichia coli|Third-generation cephalosporins","Total tested isolates","N","2003","CY","Cyprus",19.000000000,""
"Antimicrobial resistance","Escherichia coli|Third-generation cephalosporins","Total tested isolates","N","2003","CZ","Czechia",1759.000000000,""
"Antimicrobial resistance","Escherichia coli|Third-generation cephalosporins","Total tested isolates","N","2003","DE","Germany",990.000000000,""
"Antimicrobial resistance","Escherichia coli|Third-generation cephalosporins","Total tested isolates","N","2003","EE","Estonia",97.000000000,""
"Antimicrobial resistance","Escherichia coli|Third-generation cephalosporins","Total tested isolates","N","2003","EL","Greece",1071.000000000,""
"Antimicrobial resistance","Escherichia coli|Third-generation cephalosporins","Total tested isolates","N","2003","ES","Spain",2650.000000000,""
"Antimicrobial resistance","Escherichia coli|Third-generation cephalosporins","Total tested isolates","N","2003","FI","Finland",1359.000000000,""
"Antimicrobial resistance","Escherichia coli|Third-generation cephalosporins","Total tested isolates","N","2003","FR","France",2266.000000000,""
"Antimicrobial resistance","Escherichia coli|Third-generation cephalosporins","Total tested isolates","N","2003","HR","Croatia",570.000000000,""
"Antimicrobial resistance","Escherichia coli|Third-generation cephalosporins","Total tested isolates","N","2003","HU","Hungary",841.000000000,""
"Antimicrobial resistance","Escherichia coli|Third-generation cephalosporins","Total tested isolates","N","2003","IE","Ireland",963.000000000,""
"Antimicrobial resistance","Escherichia coli|Third-generation cephalosporins","Total tested isolates","N","2003","IS","Iceland",99.000000000,""
"Antimicrobial resistance","Escherichia coli|Third-generation cephalosporins","Total tested isolates","N","2003","IT","Italy",923.000000000,""
"Antimicrobial resistance","Escherichia coli|Third-generation cephalosporins","Total tested isolates","N","2003","LU","Luxembourg",227.000000000,""
"Antimicrobial resistance","Escherichia coli|Third-generation cephalosporins","Total tested isolates","N","2003","MT","Malta",91.000000000,""
"Antimicrobial resistance","Escherichia coli|Third-generation cephalosporins","Total tested isolates","N","2003","NL","Netherlands",1850.000000000,""
"Antimicrobial resistance","Escherichia coli|Third-generation cephalosporins","Total tested isolates","N","2003","NO","Norway",1177.000000000,""
"Antimicrobial resistance","Escherichia coli|Third-generation cephalosporins","Total tested isolates","N","2003","PL","Poland",123.000000000,""
"Antimicrobial resistance","Escherichia coli|Third-generation cephalosporins","Total tested isolates","N","2003","PT","Portugal",786.000000000,""
"Antimicrobial resistance","Escherichia coli|Third-generation cephalosporins","Total tested isolates","N","2003","RO","Romania",48.000000000,""
"Antimicrobial resistance","Escherichia coli|Third-generation cephalosporins","Total tested isolates","N","2003","SE","Sweden",3301.000000000,""
"Antimicrobial resistance","Escherichia coli|Third-generation cephalosporins","Total tested isolates","N","2003","SI","Slovenia",401.000000000,""
"Antimicrobial resistance","Escherichia coli|Third-generation cephalosporins","Total tested isolates","N","2003","SK","Slovakia",239.000000000,""
"Antimicrobial resistance","Escherichia coli|Third-generation cephalosporins","Total tested isolates","N","2003","UK","United Kingdom",2018.000000000,""
"Antimicrobial resistance","Escherichia coli|Third-generation cephalosporins","Total tested isolates","N","2004","AT","Austria",1856.000000000,""
"Antimicrobial resistance","Escherichia coli|Third-generation cephalosporins","Total tested isolates","N","2004","BE","Belgium",1587.000000000,""
"Antimicrobial resistance","Escherichia coli|Third-generation cephalosporins","Total tested isolates","N","2004","BG","Bulgaria",167.000000000,""
"Antimicrobial resistance","Escherichia coli|Third-generation cephalosporins","Total tested isolates","N","2004","CY","Cyprus",46.000000000,""
"Antimicrobial resistance","Escherichia coli|Third-generation cephalosporins","Total tested isolates","N","2004","CZ","Czechia",1965.000000000,""
"Antimicrobial resistance","Escherichia coli|Third-generation cephalosporins","Total tested isolates","N","2004","DE","Germany",1213.000000000,""
"Antimicrobial resistance","Escherichia coli|Third-generation cephalosporins","Total tested isolates","N","2004","EE","Estonia",166.000000000,""
"Antimicrobial resistance","Escherichia coli|Third-generation cephalosporins","Total tested isolates","N","2004","EL","Greece",1126.000000000,""
"Antimicrobial resistance","Escherichia coli|Third-generation cephalosporins","Total tested isolates","N","2004","ES","Spain",3460.000000000,""
"Antimicrobial resistance","Escherichia coli|Third-generation cephalosporins","Total tested isolates","N","2004","FI","Finland",1707.000000000,""
"Antimicrobial resistance","Escherichia coli|Third-generation cephalosporins","Total tested isolates","N","2004","FR","France",5677.000000000,""
"Antimicrobial resistance","Escherichia coli|Third-generation cephalosporins","Total tested isolates","N","2004","HR","Croatia",535.000000000,""
"Antimicrobial resistance","Escherichia coli|Third-generation cephalosporins","Total tested isolates","N","2004","HU","Hungary",961.000000000,""
"Antimicrobial resistance","Escherichia coli|Third-generation cephalosporins","Total tested isolates","N","2004","IE","Ireland",1194.000000000,""
"Antimicrobial resistance","Escherichia coli|Third-generation cephalosporins","Total tested isolates","N","2004","IS","Iceland",118.000000000,""
"Antimicrobial resistance","Escherichia coli|Third-generation cephalosporins","Total tested isolates","N","2004","IT","Italy",638.000000000,""
"Antimicrobial resistance","Escherichia coli|Third-generation cephalosporins","Total tested isolates","N","2004","LU","Luxembourg",216.000000000,""
"Antimicrobial resistance","Escherichia coli|Third-generation cephalosporins","Total tested isolates","N","2004","MT","Malta",91.000000000,""
"Antimicrobial resistance","Escherichia coli|Third-generation cephalosporins","Total tested isolates","N","2004","NL","Netherlands",1610.000000000,""
"Antimicrobial resistance","Escherichia coli|Third-generation cephalosporins","Total tested isolates","N","2004","NO","Norway",1211.000000000,""
"Antimicrobial resistance","Escherichia coli|Third-generation cephalosporins","Total tested isolates","N","2004","PL","Poland",191.000000000,""
"Antimicrobial resistance","Escherichia coli|Third-generation cephalosporins","Total tested isolates","N","2004","PT","Portugal",718.000000000,""
"Antimicrobial resistance","Escherichia coli|Third-generation cephalosporins","Total tested isolates","N","2004","RO","Romania",48.000000000,""
"Antimicrobial resistance","Escherichia coli|Third-generation cephalosporins","Total tested isolates","N","2004","SE","Sweden",3291.000000000,""
"Antimicrobial resistance","Escherichia coli|Third-generation cephalosporins","Total tested isolates","N","2004","SI","Slovenia",573.000000000,""
"Antimicrobial resistance","Escherichia coli|Third-generation cephalosporins","Total tested isolates","N","2004","SK","Slovakia",280.000000000,""
"Antimicrobial resistance","Escherichia coli|Third-generation cephalosporins","Total tested isolates","N","2004","UK","United Kingdom",1904.000000000,""
"Antimicrobial resistance","Escherichia coli|Third-generation cephalosporins","Total tested isolates","N","2005","AT","Austria",2046.000000000,""
"Antimicrobial resistance","Escherichia coli|Third-generation cephalosporins","Total tested isolates","N","2005","BE","Belgium",1577.000000000,""
"Antimicrobial resistance","Escherichia coli|Third-generation cephalosporins","Total tested isolates","N","2005","BG","Bulgaria",203.000000000,""
"Antimicrobial resistance","Escherichia coli|Third-generation cephalosporins","Total tested isolates","N","2005","CY","Cyprus",75.000000000,""
"Antimicrobial resistance","Escherichia coli|Third-generation cephalosporins","Total tested isolates","N","2005","CZ","Czechia",2233.000000000,""
"Antimicrobial resistance","Escherichia coli|Third-generation cephalosporins","Total tested isolates","N","2005","DE","Germany",957.000000000,""
"Antimicrobial resistance","Escherichia coli|Third-generation cephalosporins","Total tested isolates","N","2005","DK","Denmark",957.000000000,""
"Antimicrobial resistance","Escherichia coli|Third-generation cephalosporins","Total tested isolates","N","2005","EE","Estonia",155.000000000,""
"Antimicrobial resistance","Escherichia coli|Third-generation cephalosporins","Total tested isolates","N","2005","EL","Greece",1139.000000000,""
"Antimicrobial resistance","Escherichia coli|Third-generation cephalosporins","Total tested isolates","N","2005","ES","Spain",2997.000000000,""
"Antimicrobial resistance","Escherichia coli|Third-generation cephalosporins","Total tested isolates","N","2005","FI","Finland",1918.000000000,""
"Antimicrobial resistance","Escherichia coli|Third-generation cephalosporins","Total tested isolates","N","2005","FR","France",5835.000000000,""
"Antimicrobial resistance","Escherichia coli|Third-generation cephalosporins","Total tested isolates","N","2005","HR","Croatia",637.000000000,""
"Antimicrobial resistance","Escherichia coli|Third-generation cephalosporins","Total tested isolates","N","2005","HU","Hungary",1041.000000000,""
"Antimicrobial resistance","Escherichia coli|Third-generation cephalosporins","Total tested isolates","N","2005","IE","Ireland",1404.000000000,""
"Antimicrobial resistance","Escherichia coli|Third-generation cephalosporins","Total tested isolates","N","2005","IS","Iceland",130.000000000,""
"Antimicrobial resistance","Escherichia coli|Third-generation cephalosporins","Total tested isolates","N","2005","IT","Italy",1191.000000000,""
"Antimicrobial resistance","Escherichia coli|Third-generation cephalosporins","Total tested isolates","N","2005","LU","Luxembourg",188.000000000,""
"Antimicrobial resistance","Escherichia coli|Third-generation cephalosporins","Total tested isolates","N","2005","MT","Malta",85.000000000,""
"Antimicrobial resistance","Escherichia coli|Third-generation cephalosporins","Total tested isolates","N","2005","NL","Netherlands",1895.000000000,""
"Antimicrobial resistance","Escherichia coli|Third-generation cephalosporins","Total tested isolates","N","2005","NO","Norway",1328.000000000,""
"Antimicrobial resistance","Escherichia coli|Third-generation cephalosporins","Total tested isolates","N","2005","PL","Poland",176.000000000,""
"Antimicrobial resistance","Escherichia coli|Third-generation cephalosporins","Total tested isolates","N","2005","PT","Portugal",1076.000000000,""
"Antimicrobial resistance","Escherichia coli|Third-generation cephalosporins","Total tested isolates","N","2005","RO","Romania",84.000000000,""
"Antimicrobial resistance","Escherichia coli|Third-generation cephalosporins","Total tested isolates","N","2005","SE","Sweden",3200.000000000,""
"Antimicrobial resistance","Escherichia coli|Third-generation cephalosporins","Total tested isolates","N","2005","SI","Slovenia",657.000000000,""
"Antimicrobial resistance","Escherichia coli|Third-generation cephalosporins","Total tested isolates","N","2005","SK","Slovakia",97.000000000,""
"Antimicrobial resistance","Escherichia coli|Third-generation cephalosporins","Total tested isolates","N","2005","UK","United Kingdom",1892.000000000,""
"Antimicrobial resistance","Escherichia coli|Third-generation cephalosporins","Total tested isolates","N","2006","AT","Austria",2471.000000000,""
"Antimicrobial resistance","Escherichia coli|Third-generation cephalosporins","Total tested isolates","N","2006","BE","Belgium",1615.000000000,""
"Antimicrobial resistance","Escherichia coli|Third-generation cephalosporins","Total tested isolates","N","2006","BG","Bulgaria",196.000000000,""
"Antimicrobial resistance","Escherichia coli|Third-generation cephalosporins","Total tested isolates","N","2006","CY","Cyprus",90.000000000,""
"Antimicrobial resistance","Escherichia coli|Third-generation cephalosporins","Total tested isolates","N","2006","CZ","Czechia",2160.000000000,""
"Antimicrobial resistance","Escherichia coli|Third-generation cephalosporins","Total tested isolates","N","2006","DE","Germany",848.000000000,""
"Antimicrobial resistance","Escherichia coli|Third-generation cephalosporins","Total tested isolates","N","2006","DK","Denmark",1839.000000000,""
"Antimicrobial resistance","Escherichia coli|Third-generation cephalosporins","Total tested isolates","N","2006","EE","Estonia",213.000000000,""
"Antimicrobial resistance","Escherichia coli|Third-generation cephalosporins","Total tested isolates","N","2006","EL","Greece",1251.000000000,""
"Antimicrobial resistance","Escherichia coli|Third-generation cephalosporins","Total tested isolates","N","2006","ES","Spain",3362.000000000,""
"Antimicrobial resistance","Escherichia coli|Third-generation cephalosporins","Total tested isolates","N","2006","FI","Finland",1873.000000000,""
"Antimicrobial resistance","Escherichia coli|Third-generation cephalosporins","Total tested isolates","N","2006","FR","France",6717.000000000,""
"Antimicrobial resistance","Escherichia coli|Third-generation cephalosporins","Total tested isolates","N","2006","HR","Croatia",777.000000000,""
"Antimicrobial resistance","Escherichia coli|Third-generation cephalosporins","Total tested isolates","N","2006","HU","Hungary",1128.000000000,""
"Antimicrobial resistance","Escherichia coli|Third-generation cephalosporins","Total tested isolates","N","2006","IE","Ireland",1627.000000000,""
"Antimicrobial resistance","Escherichia coli|Third-generation cephalosporins","Total tested isolates","N","2006","IS","Iceland",130.000000000,""
"Antimicrobial resistance","Escherichia coli|Third-generation cephalosporins","Total tested isolates","N","2006","IT","Italy",910.000000000,""
"Antimicrobial resistance","Escherichia coli|Third-generation cephalosporins","Total tested isolates","N","2006","LT","Lithuania",171.000000000,""
"Antimicrobial resistance","Escherichia coli|Third-generation cephalosporins","Total tested isolates","N","2006","LU","Luxembourg",167.000000000,""
"Antimicrobial resistance","Escherichia coli|Third-generation cephalosporins","Total tested isolates","N","2006","LV","Latvia",62.000000000,""
"Antimicrobial resistance","Escherichia coli|Third-generation cephalosporins","Total tested isolates","N","2006","MT","Malta",94.000000000,""
"Antimicrobial resistance","Escherichia coli|Third-generation cephalosporins","Total tested isolates","N","2006","NL","Netherlands",2649.000000000,""
"Antimicrobial resistance","Escherichia coli|Third-generation cephalosporins","Total tested isolates","N","2006","NO","Norway",1573.000000000,""
"Antimicrobial resistance","Escherichia coli|Third-generation cephalosporins","Total tested isolates","N","2006","PL","Poland",206.000000000,""
"Antimicrobial resistance","Escherichia coli|Third-generation cephalosporins","Total tested isolates","N","2006","PT","Portugal",1259.000000000,""
"Antimicrobial resistance","Escherichia coli|Third-generation cephalosporins","Total tested isolates","N","2006","RO","Romania",39.000000000,""
"Antimicrobial resistance","Escherichia coli|Third-generation cephalosporins","Total tested isolates","N","2006","SE","Sweden",3539.000000000,""
"Antimicrobial resistance","Escherichia coli|Third-generation cephalosporins","Total tested isolates","N","2006","SI","Slovenia",717.000000000,""
"Antimicrobial resistance","Escherichia coli|Third-generation cephalosporins","Total tested isolates","N","2006","UK","United Kingdom",1772.000000000,""
"Antimicrobial resistance","Escherichia coli|Third-generation cephalosporins","Total tested isolates","N","2007","AT","Austria",2525.000000000,""
"Antimicrobial resistance","Escherichia coli|Third-generation cephalosporins","Total tested isolates","N","2007","BE","Belgium",1451.000000000,""
"Antimicrobial resistance","Escherichia coli|Third-generation cephalosporins","Total tested isolates","N","2007","BG","Bulgaria",127.000000000,""
"Antimicrobial resistance","Escherichia coli|Third-generation cephalosporins","Total tested isolates","N","2007","CY","Cyprus",109.000000000,""
"Antimicrobial resistance","Escherichia coli|Third-generation cephalosporins","Total tested isolates","N","2007","CZ","Czechia",2407.000000000,""
"Antimicrobial resistance","Escherichia coli|Third-generation cephalosporins","Total tested isolates","N","2007","DE","Germany",974.000000000,""
"Antimicrobial resistance","Escherichia coli|Third-generation cephalosporins","Total tested isolates","N","2007","DK","Denmark",1756.000000000,""
"Antimicrobial resistance","Escherichia coli|Third-generation cephalosporins","Total tested isolates","N","2007","EE","Estonia",217.000000000,""
"Antimicrobial resistance","Escherichia coli|Third-generation cephalosporins","Total tested isolates","N","2007","EL","Greece",1232.000000000,""
"Antimicrobial resistance","Escherichia coli|Third-generation cephalosporins","Total tested isolates","N","2007","ES","Spain",3665.000000000,""
"Antimicrobial resistance","Escherichia coli|Third-generation cephalosporins","Total tested isolates","N","2007","FI","Finland",1948.000000000,""
"Antimicrobial resistance","Escherichia coli|Third-generation cephalosporins","Total tested isolates","N","2007","FR","France",7840.000000000,""
"Antimicrobial resistance","Escherichia coli|Third-generation cephalosporins","Total tested isolates","N","2007","HR","Croatia",860.000000000,""
"Antimicrobial resistance","Escherichia coli|Third-generation cephalosporins","Total tested isolates","N","2007","HU","Hungary",1146.000000000,""
"Antimicrobial resistance","Escherichia coli|Third-generation cephalosporins","Total tested isolates","N","2007","IE","Ireland",1740.000000000,""
"Antimicrobial resistance","Escherichia coli|Third-generation cephalosporins","Total tested isolates","N","2007","IS","Iceland",105.000000000,""
"Antimicrobial resistance","Escherichia coli|Third-generation cephalosporins","Total tested isolates","N","2007","IT","Italy",943.000000000,""
"Antimicrobial resistance","Escherichia coli|Third-generation cephalosporins","Total tested isolates","N","2007","LT","Lithuania",235.000000000,""
"Antimicrobial resistance","Escherichia coli|Third-generation cephalosporins","Total tested isolates","N","2007","LU","Luxembourg",272.000000000,""
"Antimicrobial resistance","Escherichia coli|Third-generation cephalosporins","Total tested isolates","N","2007","LV","Latvia",76.000000000,""
"Antimicrobial resistance","Escherichia coli|Third-generation cephalosporins","Total tested isolates","N","2007","MT","Malta",117.000000000,""
"Antimicrobial resistance","Escherichia coli|Third-generation cephalosporins","Total tested isolates","N","2007","NL","Netherlands",2546.000000000,""
"Antimicrobial resistance","Escherichia coli|Third-generation cephalosporins","Total tested isolates","N","2007","NO","Norway",1713.000000000,""
"Antimicrobial resistance","Escherichia coli|Third-generation cephalosporins","Total tested isolates","N","2007","PL","Poland",256.000000000,""
"Antimicrobial resistance","Escherichia coli|Third-generation cephalosporins","Total tested isolates","N","2007","PT","Portugal",1350.000000000,""
"Antimicrobial resistance","Escherichia coli|Third-generation cephalosporins","Total tested isolates","N","2007","RO","Romania",62.000000000,""
"Antimicrobial resistance","Escherichia coli|Third-generation cephalosporins","Total tested isolates","N","2007","SE","Sweden",3747.000000000,""
"Antimicrobial resistance","Escherichia coli|Third-generation cephalosporins","Total tested isolates","N","2007","SI","Slovenia",851.000000000,""
"Antimicrobial resistance","Escherichia coli|Third-generation cephalosporins","Total tested isolates","N","2007","UK","United Kingdom",1828.000000000,""
"Antimicrobial resistance","Escherichia coli|Third-generation cephalosporins","Total tested isolates","N","2008","AT","Austria",2968.000000000,""
"Antimicrobial resistance","Escherichia coli|Third-generation cephalosporins","Total tested isolates","N","2008","BE","Belgium",1409.000000000,""
"Antimicrobial resistance","Escherichia coli|Third-generation cephalosporins","Total tested isolates","N","2008","BG","Bulgaria",147.000000000,""
"Antimicrobial resistance","Escherichia coli|Third-generation cephalosporins","Total tested isolates","N","2008","CY","Cyprus",119.000000000,""
"Antimicrobial resistance","Escherichia coli|Third-generation cephalosporins","Total tested isolates","N","2008","CZ","Czechia",2738.000000000,""
"Antimicrobial resistance","Escherichia coli|Third-generation cephalosporins","Total tested isolates","N","2008","DE","Germany",1613.000000000,""
"Antimicrobial resistance","Escherichia coli|Third-generation cephalosporins","Total tested isolates","N","2008","DK","Denmark",2489.000000000,""
"Antimicrobial resistance","Escherichia coli|Third-generation cephalosporins","Total tested isolates","N","2008","EE","Estonia",262.000000000,""
"Antimicrobial resistance","Escherichia coli|Third-generation cephalosporins","Total tested isolates","N","2008","EL","Greece",1460.000000000,""
"Antimicrobial resistance","Escherichia coli|Third-generation cephalosporins","Total tested isolates","N","2008","ES","Spain",3626.000000000,""
"Antimicrobial resistance","Escherichia coli|Third-generation cephalosporins","Total tested isolates","N","2008","FI","Finland",2087.000000000,""
"Antimicrobial resistance","Escherichia coli|Third-generation cephalosporins","Total tested isolates","N","2008","FR","France",7990.000000000,""
"Antimicrobial resistance","Escherichia coli|Third-generation cephalosporins","Total tested isolates","N","2008","HR","Croatia",914.000000000,""
"Antimicrobial resistance","Escherichia coli|Third-generation cephalosporins","Total tested isolates","N","2008","HU","Hungary",1057.000000000,""
"Antimicrobial resistance","Escherichia coli|Third-generation cephalosporins","Total tested isolates","N","2008","IE","Ireland",1859.000000000,""
"Antimicrobial resistance","Escherichia coli|Third-generation cephalosporins","Total tested isolates","N","2008","IS","Iceland",123.000000000,""
"Antimicrobial resistance","Escherichia coli|Third-generation cephalosporins","Total tested isolates","N","2008","IT","Italy",767.000000000,""
"Antimicrobial resistance","Escherichia coli|Third-generation cephalosporins","Total tested isolates","N","2008","LT","Lithuania",304.000000000,""
"Antimicrobial resistance","Escherichia coli|Third-generation cephalosporins","Total tested isolates","N","2008","LU","Luxembourg",302.000000000,""
"Antimicrobial resistance","Escherichia coli|Third-generation cephalosporins","Total tested isolates","N","2008","LV","Latvia",90.000000000,""
"Antimicrobial resistance","Escherichia coli|Third-generation cephalosporins","Total tested isolates","N","2008","MT","Malta",124.000000000,""
"Antimicrobial resistance","Escherichia coli|Third-generation cephalosporins","Total tested isolates","N","2008","NL","Netherlands",2272.000000000,""
"Antimicrobial resistance","Escherichia coli|Third-generation cephalosporins","Total tested isolates","N","2008","NO","Norway",1799.000000000,""
"Antimicrobial resistance","Escherichia coli|Third-generation cephalosporins","Total tested isolates","N","2008","PL","Poland",84.000000000,""
"Antimicrobial resistance","Escherichia coli|Third-generation cephalosporins","Total tested isolates","N","2008","PT","Portugal",1584.000000000,""
"Antimicrobial resistance","Escherichia coli|Third-generation cephalosporins","Total tested isolates","N","2008","RO","Romania",55.000000000,""
"Antimicrobial resistance","Escherichia coli|Third-generation cephalosporins","Total tested isolates","N","2008","SE","Sweden",4030.000000000,""
"Antimicrobial resistance","Escherichia coli|Third-generation cephalosporins","Total tested isolates","N","2008","SI","Slovenia",874.000000000,""
"Antimicrobial resistance","Escherichia coli|Third-generation cephalosporins","Total tested isolates","N","2008","UK","United Kingdom",2193.000000000,""
"Antimicrobial resistance","Escherichia coli|Third-generation cephalosporins","Total tested isolates","N","2009","AT","Austria",2597.000000000,""
"Antimicrobial resistance","Escherichia coli|Third-generation cephalosporins","Total tested isolates","N","2009","BE","Belgium",1596.000000000,""
"Antimicrobial resistance","Escherichia coli|Third-generation cephalosporins","Total tested isolates","N","2009","BG","Bulgaria",193.000000000,""
"Antimicrobial resistance","Escherichia coli|Third-generation cephalosporins","Total tested isolates","N","2009","CY","Cyprus",136.000000000,""
"Antimicrobial resistance","Escherichia coli|Third-generation cephalosporins","Total tested isolates","N","2009","CZ","Czechia",2759.000000000,""
"Antimicrobial resistance","Escherichia coli|Third-generation cephalosporins","Total tested isolates","N","2009","DE","Germany",2759.000000000,""
"Antimicrobial resistance","Escherichia coli|Third-generation cephalosporins","Total tested isolates","N","2009","DK","Denmark",2705.000000000,""
"Antimicrobial resistance","Escherichia coli|Third-generation cephalosporins","Total tested isolates","N","2009","EE","Estonia",319.000000000,""
"Antimicrobial resistance","Escherichia coli|Third-generation cephalosporins","Total tested isolates","N","2009","EL","Greece",1815.000000000,""
"Antimicrobial resistance","Escherichia coli|Third-generation cephalosporins","Total tested isolates","N","2009","ES","Spain",3821.000000000,""
"Antimicrobial resistance","Escherichia coli|Third-generation cephalosporins","Total tested isolates","N","2009","FI","Finland",2176.000000000,""
"Antimicrobial resistance","Escherichia coli|Third-generation cephalosporins","Total tested isolates","N","2009","FR","France",8449.000000000,""
"Antimicrobial resistance","Escherichia coli|Third-generation cephalosporins","Total tested isolates","N","2009","HU","Hungary",1052.000000000,""
"Antimicrobial resistance","Escherichia coli|Third-generation cephalosporins","Total tested isolates","N","2009","IE","Ireland",1986.000000000,""
"Antimicrobial resistance","Escherichia coli|Third-generation cephalosporins","Total tested isolates","N","2009","IS","Iceland",110.000000000,""
"Antimicrobial resistance","Escherichia coli|Third-generation cephalosporins","Total tested isolates","N","2009","IT","Italy",687.000000000,""
"Antimicrobial resistance","Escherichia coli|Third-generation cephalosporins","Total tested isolates","N","2009","LT","Lithuania",293.000000000,""
"Antimicrobial resistance","Escherichia coli|Third-generation cephalosporins","Total tested isolates","N","2009","LU","Luxembourg",301.000000000,""
"Antimicrobial resistance","Escherichia coli|Third-generation cephalosporins","Total tested isolates","N","2009","LV","Latvia",86.000000000,""
"Antimicrobial resistance","Escherichia coli|Third-generation cephalosporins","Total tested isolates","N","2009","MT","Malta",158.000000000,""
"Antimicrobial resistance","Escherichia coli|Third-generation cephalosporins","Total tested isolates","N","2009","NL","Netherlands",2368.000000000,""
"Antimicrobial resistance","Escherichia coli|Third-generation cephalosporins","Total tested isolates","N","2009","NO","Norway",1846.000000000,""
"Antimicrobial resistance","Escherichia coli|Third-generation cephalosporins","Total tested isolates","N","2009","PL","Poland",584.000000000,""
"Antimicrobial resistance","Escherichia coli|Third-generation cephalosporins","Total tested isolates","N","2009","PT","Portugal",1912.000000000,""
"Antimicrobial resistance","Escherichia coli|Third-generation cephalosporins","Total tested isolates","N","2009","RO","Romania",59.000000000,""
"Antimicrobial resistance","Escherichia coli|Third-generation cephalosporins","Total tested isolates","N","2009","SE","Sweden",1.000000000,""
"Antimicrobial resistance","Escherichia coli|Third-generation cephalosporins","Total tested isolates","N","2009","SI","Slovenia",893.000000000,""
"Antimicrobial resistance","Escherichia coli|Third-generation cephalosporins","Total tested isolates","N","2009","UK","United Kingdom",3943.000000000,""
"Antimicrobial resistance","Escherichia coli|Third-generation cephalosporins","Total tested isolates","N","2010","AT","Austria",2922.000000000,""
"Antimicrobial resistance","Escherichia coli|Third-generation cephalosporins","Total tested isolates","N","2010","BE","Belgium",1952.000000000,""
"Antimicrobial resistance","Escherichia coli|Third-generation cephalosporins","Total tested isolates","N","2010","BG","Bulgaria",153.000000000,""
"Antimicrobial resistance","Escherichia coli|Third-generation cephalosporins","Total tested isolates","N","2010","CY","Cyprus",139.000000000,""
"Antimicrobial resistance","Escherichia coli|Third-generation cephalosporins","Total tested isolates","N","2010","CZ","Czechia",2482.000000000,""
"Antimicrobial resistance","Escherichia coli|Third-generation cephalosporins","Total tested isolates","N","2010","DE","Germany",3015.000000000,""
"Antimicrobial resistance","Escherichia coli|Third-generation cephalosporins","Total tested isolates","N","2010","DK","Denmark",2408.000000000,""
"Antimicrobial resistance","Escherichia coli|Third-generation cephalosporins","Total tested isolates","N","2010","EE","Estonia",309.000000000,""
"Antimicrobial resistance","Escherichia coli|Third-generation cephalosporins","Total tested isolates","N","2010","EL","Greece",1507.000000000,""
"Antimicrobial resistance","Escherichia coli|Third-generation cephalosporins","Total tested isolates","N","2010","ES","Spain",5696.000000000,""
"Antimicrobial resistance","Escherichia coli|Third-generation cephalosporins","Total tested isolates","N","2010","FI","Finland",2509.000000000,""
"Antimicrobial resistance","Escherichia coli|Third-generation cephalosporins","Total tested isolates","N","2010","FR","France",9022.000000000,""
"Antimicrobial resistance","Escherichia coli|Third-generation cephalosporins","Total tested isolates","N","2010","HR","Croatia",882.000000000,""
"Antimicrobial resistance","Escherichia coli|Third-generation cephalosporins","Total tested isolates","N","2010","HU","Hungary",1383.000000000,""
"Antimicrobial resistance","Escherichia coli|Third-generation cephalosporins","Total tested isolates","N","2010","IE","Ireland",2119.000000000,""
"Antimicrobial resistance","Escherichia coli|Third-generation cephalosporins","Total tested isolates","N","2010","IS","Iceland",104.000000000,""
"Antimicrobial resistance","Escherichia coli|Third-generation cephalosporins","Total tested isolates","N","2010","IT","Italy",2419.000000000,""
"Antimicrobial resistance","Escherichia coli|Third-generation cephalosporins","Total tested isolates","N","2010","LT","Lithuania",333.000000000,""
"Antimicrobial resistance","Escherichia coli|Third-generation cephalosporins","Total tested isolates","N","2010","LU","Luxembourg",354.000000000,""
"Antimicrobial resistance","Escherichia coli|Third-generation cephalosporins","Total tested isolates","N","2010","LV","Latvia",98.000000000,""
"Antimicrobial resistance","Escherichia coli|Third-generation cephalosporins","Total tested isolates","N","2010","MT","Malta",192.000000000,""
"Antimicrobial resistance","Escherichia coli|Third-generation cephalosporins","Total tested isolates","N","2010","NL","Netherlands",4871.000000000,""
"Antimicrobial resistance","Escherichia coli|Third-generation cephalosporins","Total tested isolates","N","2010","NO","Norway",2275.000000000,""
"Antimicrobial resistance","Escherichia coli|Third-generation cephalosporins","Total tested isolates","N","2010","PL","Poland",744.000000000,""
"Antimicrobial resistance","Escherichia coli|Third-generation cephalosporins","Total tested isolates","N","2010","PT","Portugal",1928.000000000,""
"Antimicrobial resistance","Escherichia coli|Third-generation cephalosporins","Total tested isolates","N","2010","RO","Romania",34.000000000,""
"Antimicrobial resistance","Escherichia coli|Third-generation cephalosporins","Total tested isolates","N","2010","SE","Sweden",4470.000000000,""
"Antimicrobial resistance","Escherichia coli|Third-generation cephalosporins","Total tested isolates","N","2010","SI","Slovenia",952.000000000,""
"Antimicrobial resistance","Escherichia coli|Third-generation cephalosporins","Total tested isolates","N","2010","UK","United Kingdom",4547.000000000,""
"Antimicrobial resistance","Escherichia coli|Third-generation cephalosporins","Total tested isolates","N","2011","AT","Austria",3160.000000000,""
"Antimicrobial resistance","Escherichia coli|Third-generation cephalosporins","Total tested isolates","N","2011","BE","Belgium",3985.000000000,""
"Antimicrobial resistance","Escherichia coli|Third-generation cephalosporins","Total tested isolates","N","2011","BG","Bulgaria",179.000000000,""
"Antimicrobial resistance","Escherichia coli|Third-generation cephalosporins","Total tested isolates","N","2011","CY","Cyprus",138.000000000,""
"Antimicrobial resistance","Escherichia coli|Third-generation cephalosporins","Total tested isolates","N","2011","CZ","Czechia",2684.000000000,""
"Antimicrobial resistance","Escherichia coli|Third-generation cephalosporins","Total tested isolates","N","2011","DE","Germany",3642.000000000,""
"Antimicrobial resistance","Escherichia coli|Third-generation cephalosporins","Total tested isolates","N","2011","DK","Denmark",2532.000000000,""
"Antimicrobial resistance","Escherichia coli|Third-generation cephalosporins","Total tested isolates","N","2011","EE","Estonia",90.000000000,""
"Antimicrobial resistance","Escherichia coli|Third-generation cephalosporins","Total tested isolates","N","2011","EL","Greece",1435.000000000,""
"Antimicrobial resistance","Escherichia coli|Third-generation cephalosporins","Total tested isolates","N","2011","ES","Spain",5600.000000000,""
"Antimicrobial resistance","Escherichia coli|Third-generation cephalosporins","Total tested isolates","N","2011","FI","Finland",3020.000000000,""
"Antimicrobial resistance","Escherichia coli|Third-generation cephalosporins","Total tested isolates","N","2011","FR","France",8479.000000000,""
"Antimicrobial resistance","Escherichia coli|Third-generation cephalosporins","Total tested isolates","N","2011","HR","Croatia",983.000000000,""
"Antimicrobial resistance","Escherichia coli|Third-generation cephalosporins","Total tested isolates","N","2011","HU","Hungary",1224.000000000,""
"Antimicrobial resistance","Escherichia coli|Third-generation cephalosporins","Total tested isolates","N","2011","IE","Ireland",2166.000000000,""
"Antimicrobial resistance","Escherichia coli|Third-generation cephalosporins","Total tested isolates","N","2011","IS","Iceland",130.000000000,""
"Antimicrobial resistance","Escherichia coli|Third-generation cephalosporins","Total tested isolates","N","2011","IT","Italy",1870.000000000,""
"Antimicrobial resistance","Escherichia coli|Third-generation cephalosporins","Total tested isolates","N","2011","LT","Lithuania",385.000000000,""
"Antimicrobial resistance","Escherichia coli|Third-generation cephalosporins","Total tested isolates","N","2011","LU","Luxembourg",353.000000000,""
"Antimicrobial resistance","Escherichia coli|Third-generation cephalosporins","Total tested isolates","N","2011","LV","Latvia",132.000000000,""
"Antimicrobial resistance","Escherichia coli|Third-generation cephalosporins","Total tested isolates","N","2011","MT","Malta",219.000000000,""
"Antimicrobial resistance","Escherichia coli|Third-generation cephalosporins","Total tested isolates","N","2011","NL","Netherlands",5430.000000000,""
"Antimicrobial resistance","Escherichia coli|Third-generation cephalosporins","Total tested isolates","N","2011","NO","Norway",2523.000000000,""
"Antimicrobial resistance","Escherichia coli|Third-generation cephalosporins","Total tested isolates","N","2011","PL","Poland",938.000000000,""
"Antimicrobial resistance","Escherichia coli|Third-generation cephalosporins","Total tested isolates","N","2011","PT","Portugal",1901.000000000,""
"Antimicrobial resistance","Escherichia coli|Third-generation cephalosporins","Total tested isolates","N","2011","RO","Romania",95.000000000,""
"Antimicrobial resistance","Escherichia coli|Third-generation cephalosporins","Total tested isolates","N","2011","SE","Sweden",5102.000000000,""
"Antimicrobial resistance","Escherichia coli|Third-generation cephalosporins","Total tested isolates","N","2011","SI","Slovenia",1002.000000000,""
"Antimicrobial resistance","Escherichia coli|Third-generation cephalosporins","Total tested isolates","N","2011","SK","Slovakia",740.000000000,""
"Antimicrobial resistance","Escherichia coli|Third-generation cephalosporins","Total tested isolates","N","2011","UK","United Kingdom",5182.000000000,""
"Antimicrobial resistance","Escherichia coli|Third-generation cephalosporins","Total tested isolates","N","2012","AT","Austria",3710.000000000,""
"Antimicrobial resistance","Escherichia coli|Third-generation cephalosporins","Total tested isolates","N","2012","BE","Belgium",4097.000000000,""
"Antimicrobial resistance","Escherichia coli|Third-generation cephalosporins","Total tested isolates","N","2012","BG","Bulgaria",223.000000000,""
"Antimicrobial resistance","Escherichia coli|Third-generation cephalosporins","Total tested isolates","N","2012","CY","Cyprus",176.000000000,""
"Antimicrobial resistance","Escherichia coli|Third-generation cephalosporins","Total tested isolates","N","2012","CZ","Czechia",2812.000000000,""
"Antimicrobial resistance","Escherichia coli|Third-generation cephalosporins","Total tested isolates","N","2012","DE","Germany",4186.000000000,""
"Antimicrobial resistance","Escherichia coli|Third-generation cephalosporins","Total tested isolates","N","2012","DK","Denmark",2519.000000000,""
"Antimicrobial resistance","Escherichia coli|Third-generation cephalosporins","Total tested isolates","N","2012","EE","Estonia",305.000000000,""
"Antimicrobial resistance","Escherichia coli|Third-generation cephalosporins","Total tested isolates","N","2012","EL","Greece",1393.000000000,""
"Antimicrobial resistance","Escherichia coli|Third-generation cephalosporins","Total tested isolates","N","2012","ES","Spain",5672.000000000,""
"Antimicrobial resistance","Escherichia coli|Third-generation cephalosporins","Total tested isolates","N","2012","FI","Finland",3162.000000000,""
"Antimicrobial resistance","Escherichia coli|Third-generation cephalosporins","Total tested isolates","N","2012","FR","France",9563.000000000,""
"Antimicrobial resistance","Escherichia coli|Third-generation cephalosporins","Total tested isolates","N","2012","HR","Croatia",906.000000000,""
"Antimicrobial resistance","Escherichia coli|Third-generation cephalosporins","Total tested isolates","N","2012","HU","Hungary",1411.000000000,""
"Antimicrobial resistance","Escherichia coli|Third-generation cephalosporins","Total tested isolates","N","2012","IE","Ireland",2288.000000000,""
"Antimicrobial resistance","Escherichia coli|Third-generation cephalosporins","Total tested isolates","N","2012","IS","Iceland",138.000000000,""
"Antimicrobial resistance","Escherichia coli|Third-generation cephalosporins","Total tested isolates","N","2012","IT","Italy",2997.000000000,""
"Antimicrobial resistance","Escherichia coli|Third-generation cephalosporins","Total tested isolates","N","2012","LT","Lithuania",462.000000000,""
"Antimicrobial resistance","Escherichia coli|Third-generation cephalosporins","Total tested isolates","N","2012","LU","Luxembourg",334.000000000,""
"Antimicrobial resistance","Escherichia coli|Third-generation cephalosporins","Total tested isolates","N","2012","LV","Latvia",154.000000000,""
"Antimicrobial resistance","Escherichia coli|Third-generation cephalosporins","Total tested isolates","N","2012","MT","Malta",209.000000000,""
"Antimicrobial resistance","Escherichia coli|Third-generation cephalosporins","Total tested isolates","N","2012","NL","Netherlands",5907.000000000,""
"Antimicrobial resistance","Escherichia coli|Third-generation cephalosporins","Total tested isolates","N","2012","NO","Norway",3019.000000000,""
"Antimicrobial resistance","Escherichia coli|Third-generation cephalosporins","Total tested isolates","N","2012","PL","Poland",1037.000000000,""
"Antimicrobial resistance","Escherichia coli|Third-generation cephalosporins","Total tested isolates","N","2012","PT","Portugal",2154.000000000,""
"Antimicrobial resistance","Escherichia coli|Third-generation cephalosporins","Total tested isolates","N","2012","RO","Romania",191.000000000,""
"Antimicrobial resistance","Escherichia coli|Third-generation cephalosporins","Total tested isolates","N","2012","SE","Sweden",5537.000000000,""
"Antimicrobial resistance","Escherichia coli|Third-generation cephalosporins","Total tested isolates","N","2012","SI","Slovenia",1168.000000000,""
"Antimicrobial resistance","Escherichia coli|Third-generation cephalosporins","Total tested isolates","N","2012","SK","Slovakia",693.000000000,""
"Antimicrobial resistance","Escherichia coli|Third-generation cephalosporins","Total tested isolates","N","2012","UK","United Kingdom",5663.000000000,""
"Antimicrobial resistance","Escherichia coli|Third-generation cephalosporins","Total tested isolates","N","2013","AT","Austria",4376.000000000,""
"Antimicrobial resistance","Escherichia coli|Third-generation cephalosporins","Total tested isolates","N","2013","BE","Belgium",4051.000000000,""
"Antimicrobial resistance","Escherichia coli|Third-generation cephalosporins","Total tested isolates","N","2013","BG","Bulgaria",187.000000000,""
"Antimicrobial resistance","Escherichia coli|Third-generation cephalosporins","Total tested isolates","N","2013","CY","Cyprus",162.000000000,""
"Antimicrobial resistance","Escherichia coli|Third-generation cephalosporins","Total tested isolates","N","2013","CZ","Czechia",2954.000000000,""
"Antimicrobial resistance","Escherichia coli|Third-generation cephalosporins","Total tested isolates","N","2013","DE","Germany",5335.000000000,""
"Antimicrobial resistance","Escherichia coli|Third-generation cephalosporins","Total tested isolates","N","2013","DK","Denmark",2451.000000000,""
"Antimicrobial resistance","Escherichia coli|Third-generation cephalosporins","Total tested isolates","N","2013","EE","Estonia",340.000000000,""
"Antimicrobial resistance","Escherichia coli|Third-generation cephalosporins","Total tested isolates","N","2013","EL","Greece",1255.000000000,""
"Antimicrobial resistance","Escherichia coli|Third-generation cephalosporins","Total tested isolates","N","2013","ES","Spain",5932.000000000,""
"Antimicrobial resistance","Escherichia coli|Third-generation cephalosporins","Total tested isolates","N","2013","FI","Finland",3720.000000000,""
"Antimicrobial resistance","Escherichia coli|Third-generation cephalosporins","Total tested isolates","N","2013","FR","France",10154.000000000,""
"Antimicrobial resistance","Escherichia coli|Third-generation cephalosporins","Total tested isolates","N","2013","HR","Croatia",1040.000000000,""
"Antimicrobial resistance","Escherichia coli|Third-generation cephalosporins","Total tested isolates","N","2013","HU","Hungary",1437.000000000,""
"Antimicrobial resistance","Escherichia coli|Third-generation cephalosporins","Total tested isolates","N","2013","IE","Ireland",2480.000000000,""
"Antimicrobial resistance","Escherichia coli|Third-generation cephalosporins","Total tested isolates","N","2013","IS","Iceland",121.000000000,""
"Antimicrobial resistance","Escherichia coli|Third-generation cephalosporins","Total tested isolates","N","2013","IT","Italy",3990.000000000,""
"Antimicrobial resistance","Escherichia coli|Third-generation cephalosporins","Total tested isolates","N","2013","LT","Lithuania",434.000000000,""
"Antimicrobial resistance","Escherichia coli|Third-generation cephalosporins","Total tested isolates","N","2013","LU","Luxembourg",301.000000000,""
"Antimicrobial resistance","Escherichia coli|Third-generation cephalosporins","Total tested isolates","N","2013","LV","Latvia",136.000000000,""
"Antimicrobial resistance","Escherichia coli|Third-generation cephalosporins","Total tested isolates","N","2013","MT","Malta",242.000000000,""
"Antimicrobial resistance","Escherichia coli|Third-generation cephalosporins","Total tested isolates","N","2013","NL","Netherlands",6665.000000000,""
"Antimicrobial resistance","Escherichia coli|Third-generation cephalosporins","Total tested isolates","N","2013","NO","Norway",3077.000000000,""
"Antimicrobial resistance","Escherichia coli|Third-generation cephalosporins","Total tested isolates","N","2013","PL","Poland",1036.000000000,""
"Antimicrobial resistance","Escherichia coli|Third-generation cephalosporins","Total tested isolates","N","2013","PT","Portugal",2678.000000000,""
"Antimicrobial resistance","Escherichia coli|Third-generation cephalosporins","Total tested isolates","N","2013","RO","Romania",298.000000000,""
"Antimicrobial resistance","Escherichia coli|Third-generation cephalosporins","Total tested isolates","N","2013","SE","Sweden",7532.000000000,""
"Antimicrobial resistance","Escherichia coli|Third-generation cephalosporins","Total tested isolates","N","2013","SI","Slovenia",1224.000000000,""
"Antimicrobial resistance","Escherichia coli|Third-generation cephalosporins","Total tested isolates","N","2013","SK","Slovakia",807.000000000,""
"Antimicrobial resistance","Escherichia coli|Third-generation cephalosporins","Total tested isolates","N","2013","UK","United Kingdom",6586.000000000,""
"Antimicrobial resistance","Escherichia coli|Third-generation cephalosporins","Total tested isolates","N","2014","AT","Austria",4739.000000000,""
"Antimicrobial resistance","Escherichia coli|Third-generation cephalosporins","Total tested isolates","N","2014","BE","Belgium",2802.000000000,""
"Antimicrobial resistance","Escherichia coli|Third-generation cephalosporins","Total tested isolates","N","2014","BG","Bulgaria",218.000000000,""
"Antimicrobial resistance","Escherichia coli|Third-generation cephalosporins","Total tested isolates","N","2014","CY","Cyprus",153.000000000,""
"Antimicrobial resistance","Escherichia coli|Third-generation cephalosporins","Total tested isolates","N","2014","CZ","Czechia",2978.000000000,""
"Antimicrobial resistance","Escherichia coli|Third-generation cephalosporins","Total tested isolates","N","2014","DE","Germany",6246.000000000,""
"Antimicrobial resistance","Escherichia coli|Third-generation cephalosporins","Total tested isolates","N","2014","DK","Denmark",4410.000000000,""
"Antimicrobial resistance","Escherichia coli|Third-generation cephalosporins","Total tested isolates","N","2014","EE","Estonia",410.000000000,""
"Antimicrobial resistance","Escherichia coli|Third-generation cephalosporins","Total tested isolates","N","2014","EL","Greece",1122.000000000,""
"Antimicrobial resistance","Escherichia coli|Third-generation cephalosporins","Total tested isolates","N","2014","ES","Spain",5821.000000000,""
"Antimicrobial resistance","Escherichia coli|Third-generation cephalosporins","Total tested isolates","N","2014","FI","Finland",4009.000000000,""
"Antimicrobial resistance","Escherichia coli|Third-generation cephalosporins","Total tested isolates","N","2014","FR","France",10349.000000000,""
"Antimicrobial resistance","Escherichia coli|Third-generation cephalosporins","Total tested isolates","N","2014","HR","Croatia",1079.000000000,""
"Antimicrobial resistance","Escherichia coli|Third-generation cephalosporins","Total tested isolates","N","2014","HU","Hungary",1619.000000000,""
"Antimicrobial resistance","Escherichia coli|Third-generation cephalosporins","Total tested isolates","N","2014","IE","Ireland",2691.000000000,""
"Antimicrobial resistance","Escherichia coli|Third-generation cephalosporins","Total tested isolates","N","2014","IS","Iceland",152.000000000,""
"Antimicrobial resistance","Escherichia coli|Third-generation cephalosporins","Total tested isolates","N","2014","IT","Italy",3694.000000000,""
"Antimicrobial resistance","Escherichia coli|Third-generation cephalosporins","Total tested isolates","N","2014","LT","Lithuania",594.000000000,""
"Antimicrobial resistance","Escherichia coli|Third-generation cephalosporins","Total tested isolates","N","2014","LU","Luxembourg",368.000000000,""
"Antimicrobial resistance","Escherichia coli|Third-generation cephalosporins","Total tested isolates","N","2014","LV","Latvia",165.000000000,""
"Antimicrobial resistance","Escherichia coli|Third-generation cephalosporins","Total tested isolates","N","2014","MT","Malta",268.000000000,""
"Antimicrobial resistance","Escherichia coli|Third-generation cephalosporins","Total tested isolates","N","2014","NL","Netherlands",7124.000000000,""
"Antimicrobial resistance","Escherichia coli|Third-generation cephalosporins","Total tested isolates","N","2014","NO","Norway",3421.000000000,""
"Antimicrobial resistance","Escherichia coli|Third-generation cephalosporins","Total tested isolates","N","2014","PL","Poland",1085.000000000,""
"Antimicrobial resistance","Escherichia coli|Third-generation cephalosporins","Total tested isolates","N","2014","PT","Portugal",5024.000000000,""
"Antimicrobial resistance","Escherichia coli|Third-generation cephalosporins","Total tested isolates","N","2014","RO","Romania",306.000000000,""
"Antimicrobial resistance","Escherichia coli|Third-generation cephalosporins","Total tested isolates","N","2014","SE","Sweden",6546.000000000,""
"Antimicrobial resistance","Escherichia coli|Third-generation cephalosporins","Total tested isolates","N","2014","SI","Slovenia",1216.000000000,""
"Antimicrobial resistance","Escherichia coli|Third-generation cephalosporins","Total tested isolates","N","2014","SK","Slovakia",889.000000000,""
"Antimicrobial resistance","Escherichia coli|Third-generation cephalosporins","Total tested isolates","N","2014","UK","United Kingdom",6221.000000000,""
"Antimicrobial resistance","Escherichia coli|Third-generation cephalosporins","Total tested isolates","N","2015","AT","Austria",4900.000000000,""
"Antimicrobial resistance","Escherichia coli|Third-generation cephalosporins","Total tested isolates","N","2015","BE","Belgium",2593.000000000,""
"Antimicrobial resistance","Escherichia coli|Third-generation cephalosporins","Total tested isolates","N","2015","BG","Bulgaria",205.000000000,""
"Antimicrobial resistance","Escherichia coli|Third-generation cephalosporins","Total tested isolates","N","2015","CY","Cyprus",123.000000000,""
"Antimicrobial resistance","Escherichia coli|Third-generation cephalosporins","Total tested isolates","N","2015","CZ","Czechia",3172.000000000,""
"Antimicrobial resistance","Escherichia coli|Third-generation cephalosporins","Total tested isolates","N","2015","DE","Germany",9031.000000000,""
"Antimicrobial resistance","Escherichia coli|Third-generation cephalosporins","Total tested isolates","N","2015","DK","Denmark",4561.000000000,""
"Antimicrobial resistance","Escherichia coli|Third-generation cephalosporins","Total tested isolates","N","2015","EE","Estonia",246.000000000,""
"Antimicrobial resistance","Escherichia coli|Third-generation cephalosporins","Total tested isolates","N","2015","EL","Greece",1215.000000000,""
"Antimicrobial resistance","Escherichia coli|Third-generation cephalosporins","Total tested isolates","N","2015","ES","Spain",6428.000000000,""
"Antimicrobial resistance","Escherichia coli|Third-generation cephalosporins","Total tested isolates","N","2015","FI","Finland",4342.000000000,""
"Antimicrobial resistance","Escherichia coli|Third-generation cephalosporins","Total tested isolates","N","2015","FR","France",11051.000000000,""
"Antimicrobial resistance","Escherichia coli|Third-generation cephalosporins","Total tested isolates","N","2015","HR","Croatia",1046.000000000,""
"Antimicrobial resistance","Escherichia coli|Third-generation cephalosporins","Total tested isolates","N","2015","HU","Hungary",2026.000000000,""
"Antimicrobial resistance","Escherichia coli|Third-generation cephalosporins","Total tested isolates","N","2015","IE","Ireland",2638.000000000,""
"Antimicrobial resistance","Escherichia coli|Third-generation cephalosporins","Total tested isolates","N","2015","IS","Iceland",173.000000000,""
"Antimicrobial resistance","Escherichia coli|Third-generation cephalosporins","Total tested isolates","N","2015","IT","Italy",5592.000000000,""
"Antimicrobial resistance","Escherichia coli|Third-generation cephalosporins","Total tested isolates","N","2015","LT","Lithuania",581.000000000,""
"Antimicrobial resistance","Escherichia coli|Third-generation cephalosporins","Total tested isolates","N","2015","LU","Luxembourg",347.000000000,""
"Antimicrobial resistance","Escherichia coli|Third-generation cephalosporins","Total tested isolates","N","2015","LV","Latvia",201.000000000,""
"Antimicrobial resistance","Escherichia coli|Third-generation cephalosporins","Total tested isolates","N","2015","MT","Malta",238.000000000,""
"Antimicrobial resistance","Escherichia coli|Third-generation cephalosporins","Total tested isolates","N","2015","NL","Netherlands",7074.000000000,""
"Antimicrobial resistance","Escherichia coli|Third-generation cephalosporins","Total tested isolates","N","2015","NO","Norway",3301.000000000,""
"Antimicrobial resistance","Escherichia coli|Third-generation cephalosporins","Total tested isolates","N","2015","PL","Poland",1610.000000000,""
"Antimicrobial resistance","Escherichia coli|Third-generation cephalosporins","Total tested isolates","N","2015","PT","Portugal",5376.000000000,""
"Antimicrobial resistance","Escherichia coli|Third-generation cephalosporins","Total tested isolates","N","2015","RO","Romania",369.000000000,""
"Antimicrobial resistance","Escherichia coli|Third-generation cephalosporins","Total tested isolates","N","2015","SE","Sweden",5995.000000000,""
"Antimicrobial resistance","Escherichia coli|Third-generation cephalosporins","Total tested isolates","N","2015","SI","Slovenia",1326.000000000,""
"Antimicrobial resistance","Escherichia coli|Third-generation cephalosporins","Total tested isolates","N","2015","SK","Slovakia",893.000000000,""
"Antimicrobial resistance","Escherichia coli|Third-generation cephalosporins","Total tested isolates","N","2015","UK","United Kingdom",5169.000000000,""
"Antimicrobial resistance","Escherichia coli|Third-generation cephalosporins","Total tested isolates","N","2016","AT","Austria",5267.000000000,""
"Antimicrobial resistance","Escherichia coli|Third-generation cephalosporins","Total tested isolates","N","2016","BE","Belgium",3737.000000000,""
"Antimicrobial resistance","Escherichia coli|Third-generation cephalosporins","Total tested isolates","N","2016","BG","Bulgaria",238.000000000,""
"Antimicrobial resistance","Escherichia coli|Third-generation cephalosporins","Total tested isolates","N","2016","CY","Cyprus",149.000000000,""
"Antimicrobial resistance","Escherichia coli|Third-generation cephalosporins","Total tested isolates","N","2016","CZ","Czechia",3061.000000000,""
"Antimicrobial resistance","Escherichia coli|Third-generation cephalosporins","Total tested isolates","N","2016","DE","Germany",17190.000000000,""
"Antimicrobial resistance","Escherichia coli|Third-generation cephalosporins","Total tested isolates","N","2016","DK","Denmark",4659.000000000,""
"Antimicrobial resistance","Escherichia coli|Third-generation cephalosporins","Total tested isolates","N","2016","EE","Estonia",701.000000000,""
"Antimicrobial resistance","Escherichia coli|Third-generation cephalosporins","Total tested isolates","N","2016","EL","Greece",1304.000000000,""
"Antimicrobial resistance","Escherichia coli|Third-generation cephalosporins","Total tested isolates","N","2016","ES","Spain",6800.000000000,""
"Antimicrobial resistance","Escherichia coli|Third-generation cephalosporins","Total tested isolates","N","2016","FI","Finland",4742.000000000,""
"Antimicrobial resistance","Escherichia coli|Third-generation cephalosporins","Total tested isolates","N","2016","FR","France",11313.000000000,""
"Antimicrobial resistance","Escherichia coli|Third-generation cephalosporins","Total tested isolates","N","2016","HR","Croatia",1045.000000000,""
"Antimicrobial resistance","Escherichia coli|Third-generation cephalosporins","Total tested isolates","N","2016","HU","Hungary",1993.000000000,""
"Antimicrobial resistance","Escherichia coli|Third-generation cephalosporins","Total tested isolates","N","2016","IE","Ireland",2985.000000000,""
"Antimicrobial resistance","Escherichia coli|Third-generation cephalosporins","Total tested isolates","N","2016","IS","Iceland",192.000000000,""
"Antimicrobial resistance","Escherichia coli|Third-generation cephalosporins","Total tested isolates","N","2016","IT","Italy",5938.000000000,""
"Antimicrobial resistance","Escherichia coli|Third-generation cephalosporins","Total tested isolates","N","2016","LT","Lithuania",795.000000000,""
"Antimicrobial resistance","Escherichia coli|Third-generation cephalosporins","Total tested isolates","N","2016","LU","Luxembourg",418.000000000,""
"Antimicrobial resistance","Escherichia coli|Third-generation cephalosporins","Total tested isolates","N","2016","LV","Latvia",253.000000000,""
"Antimicrobial resistance","Escherichia coli|Third-generation cephalosporins","Total tested isolates","N","2016","MT","Malta",328.000000000,""
"Antimicrobial resistance","Escherichia coli|Third-generation cephalosporins","Total tested isolates","N","2016","NL","Netherlands",7250.000000000,""
"Antimicrobial resistance","Escherichia coli|Third-generation cephalosporins","Total tested isolates","N","2016","NO","Norway",3617.000000000,""
"Antimicrobial resistance","Escherichia coli|Third-generation cephalosporins","Total tested isolates","N","2016","PL","Poland",2719.000000000,""
"Antimicrobial resistance","Escherichia coli|Third-generation cephalosporins","Total tested isolates","N","2016","PT","Portugal",5784.000000000,""
"Antimicrobial resistance","Escherichia coli|Third-generation cephalosporins","Total tested isolates","N","2016","RO","Romania",418.000000000,""
"Antimicrobial resistance","Escherichia coli|Third-generation cephalosporins","Total tested isolates","N","2016","SE","Sweden",6958.000000000,""
"Antimicrobial resistance","Escherichia coli|Third-generation cephalosporins","Total tested isolates","N","2016","SI","Slovenia",1420.000000000,""
"Antimicrobial resistance","Escherichia coli|Third-generation cephalosporins","Total tested isolates","N","2016","SK","Slovakia",824.000000000,""
"Antimicrobial resistance","Escherichia coli|Third-generation cephalosporins","Total tested isolates","N","2016","UK","United Kingdom",21846.000000000,""
"Antimicrobial resistance","Escherichia coli|Third-generation cephalosporins","Total tested isolates","N","2017","AT","Austria",5129.000000000,""
"Antimicrobial resistance","Escherichia coli|Third-generation cephalosporins","Total tested isolates","N","2017","BE","Belgium",4672.000000000,""
"Antimicrobial resistance","Escherichia coli|Third-generation cephalosporins","Total tested isolates","N","2017","BG","Bulgaria",247.000000000,""
"Antimicrobial resistance","Escherichia coli|Third-generation cephalosporins","Total tested isolates","N","2017","CY","Cyprus",156.000000000,""
"Antimicrobial resistance","Escherichia coli|Third-generation cephalosporins","Total tested isolates","N","2017","CZ","Czechia",3199.000000000,""
"Antimicrobial resistance","Escherichia coli|Third-generation cephalosporins","Total tested isolates","N","2017","DE","Germany",22929.000000000,""
"Antimicrobial resistance","Escherichia coli|Third-generation cephalosporins","Total tested isolates","N","2017","DK","Denmark",4883.000000000,""
"Antimicrobial resistance","Escherichia coli|Third-generation cephalosporins","Total tested isolates","N","2017","EE","Estonia",788.000000000,""
"Antimicrobial resistance","Escherichia coli|Third-generation cephalosporins","Total tested isolates","N","2017","EL","Greece",1470.000000000,""
"Antimicrobial resistance","Escherichia coli|Third-generation cephalosporins","Total tested isolates","N","2017","ES","Spain",6027.000000000,""
"Antimicrobial resistance","Escherichia coli|Third-generation cephalosporins","Total tested isolates","N","2017","FI","Finland",5223.000000000,""
"Antimicrobial resistance","Escherichia coli|Third-generation cephalosporins","Total tested isolates","N","2017","FR","France",13352.000000000,""
"Antimicrobial resistance","Escherichia coli|Third-generation cephalosporins","Total tested isolates","N","2017","HR","Croatia",1148.000000000,""
"Antimicrobial resistance","Escherichia coli|Third-generation cephalosporins","Total tested isolates","N","2017","HU","Hungary",2058.000000000,""
"Antimicrobial resistance","Escherichia coli|Third-generation cephalosporins","Total tested isolates","N","2017","IE","Ireland",3121.000000000,""
"Antimicrobial resistance","Escherichia coli|Third-generation cephalosporins","Total tested isolates","N","2017","IS","Iceland",213.000000000,""
"Antimicrobial resistance","Escherichia coli|Third-generation cephalosporins","Total tested isolates","N","2017","IT","Italy",7077.000000000,""
"Antimicrobial resistance","Escherichia coli|Third-generation cephalosporins","Total tested isolates","N","2017","LT","Lithuania",852.000000000,""
"Antimicrobial resistance","Escherichia coli|Third-generation cephalosporins","Total tested isolates","N","2017","LU","Luxembourg",433.000000000,""
"Antimicrobial resistance","Escherichia coli|Third-generation cephalosporins","Total tested isolates","N","2017","LV","Latvia",205.000000000,""
"Antimicrobial resistance","Escherichia coli|Third-generation cephalosporins","Total tested isolates","N","2017","MT","Malta",314.000000000,""
"Antimicrobial resistance","Escherichia coli|Third-generation cephalosporins","Total tested isolates","N","2017","NL","Netherlands",7509.000000000,""
"Antimicrobial resistance","Escherichia coli|Third-generation cephalosporins","Total tested isolates","N","2017","NO","Norway",3734.000000000,""
"Antimicrobial resistance","Escherichia coli|Third-generation cephalosporins","Total tested isolates","N","2017","PL","Poland",2866.000000000,""
"Antimicrobial resistance","Escherichia coli|Third-generation cephalosporins","Total tested isolates","N","2017","PT","Portugal",6441.000000000,""
"Antimicrobial resistance","Escherichia coli|Third-generation cephalosporins","Total tested isolates","N","2017","RO","Romania",518.000000000,""
"Antimicrobial resistance","Escherichia coli|Third-generation cephalosporins","Total tested isolates","N","2017","SE","Sweden",5790.000000000,""
"Antimicrobial resistance","Escherichia coli|Third-generation cephalosporins","Total tested isolates","N","2017","SI","Slovenia",1435.000000000,""
"Antimicrobial resistance","Escherichia coli|Third-generation cephalosporins","Total tested isolates","N","2017","SK","Slovakia",870.000000000,""
"Antimicrobial resistance","Escherichia coli|Third-generation cephalosporins","Total tested isolates","N","2017","UK","United Kingdom",27925.000000000,""
"Antimicrobial resistance","Escherichia coli|Third-generation cephalosporins","Total tested isolates","N","2018","AT","Austria",5672.000000000,""
"Antimicrobial resistance","Escherichia coli|Third-generation cephalosporins","Total tested isolates","N","2018","BE","Belgium",4644.000000000,""
"Antimicrobial resistance","Escherichia coli|Third-generation cephalosporins","Total tested isolates","N","2018","BG","Bulgaria",292.000000000,""
"Antimicrobial resistance","Escherichia coli|Third-generation cephalosporins","Total tested isolates","N","2018","CY","Cyprus",151.000000000,""
"Antimicrobial resistance","Escherichia coli|Third-generation cephalosporins","Total tested isolates","N","2018","CZ","Czechia",3641.000000000,""
"Antimicrobial resistance","Escherichia coli|Third-generation cephalosporins","Total tested isolates","N","2018","DE","Germany",21989.000000000,""
"Antimicrobial resistance","Escherichia coli|Third-generation cephalosporins","Total tested isolates","N","2018","DK","Denmark",4833.000000000,""
"Antimicrobial resistance","Escherichia coli|Third-generation cephalosporins","Total tested isolates","N","2018","EE","Estonia",850.000000000,""
"Antimicrobial resistance","Escherichia coli|Third-generation cephalosporins","Total tested isolates","N","2018","EL","Greece",1640.000000000,""
"Antimicrobial resistance","Escherichia coli|Third-generation cephalosporins","Total tested isolates","N","2018","ES","Spain",7923.000000000,""
"Antimicrobial resistance","Escherichia coli|Third-generation cephalosporins","Total tested isolates","N","2018","FI","Finland",5020.000000000,""
"Antimicrobial resistance","Escherichia coli|Third-generation cephalosporins","Total tested isolates","N","2018","FR","France",12614.000000000,""
"Antimicrobial resistance","Escherichia coli|Third-generation cephalosporins","Total tested isolates","N","2018","HR","Croatia",1168.000000000,""
"Antimicrobial resistance","Escherichia coli|Third-generation cephalosporins","Total tested isolates","N","2018","HU","Hungary",2370.000000000,""
"Antimicrobial resistance","Escherichia coli|Third-generation cephalosporins","Total tested isolates","N","2018","IE","Ireland",3237.000000000,""
"Antimicrobial resistance","Escherichia coli|Third-generation cephalosporins","Total tested isolates","N","2018","IS","Iceland",198.000000000,""
"Antimicrobial resistance","Escherichia coli|Third-generation cephalosporins","Total tested isolates","N","2018","IT","Italy",16253.000000000,""
"Antimicrobial resistance","Escherichia coli|Third-generation cephalosporins","Total tested isolates","N","2018","LT","Lithuania",1109.000000000,""
"Antimicrobial resistance","Escherichia coli|Third-generation cephalosporins","Total tested isolates","N","2018","LU","Luxembourg",424.000000000,""
"Antimicrobial resistance","Escherichia coli|Third-generation cephalosporins","Total tested isolates","N","2018","LV","Latvia",348.000000000,""
"Antimicrobial resistance","Escherichia coli|Third-generation cephalosporins","Total tested isolates","N","2018","MT","Malta",332.000000000,""
"Antimicrobial resistance","Escherichia coli|Third-generation cephalosporins","Total tested isolates","N","2018","NL","Netherlands",8270.000000000,""
"Antimicrobial resistance","Escherichia coli|Third-generation cephalosporins","Total tested isolates","N","2018","NO","Norway",3879.000000000,""
"Antimicrobial resistance","Escherichia coli|Third-generation cephalosporins","Total tested isolates","N","2018","PL","Poland",2620.000000000,""
"Antimicrobial resistance","Escherichia coli|Third-generation cephalosporins","Total tested isolates","N","2018","PT","Portugal",5881.000000000,""
"Antimicrobial resistance","Escherichia coli|Third-generation cephalosporins","Total tested isolates","N","2018","RO","Romania",654.000000000,""
"Antimicrobial resistance","Escherichia coli|Third-generation cephalosporins","Total tested isolates","N","2018","SE","Sweden",5390.000000000,""
"Antimicrobial resistance","Escherichia coli|Third-generation cephalosporins","Total tested isolates","N","2018","SI","Slovenia",1668.000000000,""
"Antimicrobial resistance","Escherichia coli|Third-generation cephalosporins","Total tested isolates","N","2018","SK","Slovakia",973.000000000,""
"Antimicrobial resistance","Escherichia coli|Third-generation cephalosporins","Total tested isolates","N","2018","UK","United Kingdom",28677.000000000,""
"Antimicrobial resistance","Escherichia coli|Third-generation cephalosporins","Total tested isolates","N","2019","AT","Austria",6106.000000000,""
"Antimicrobial resistance","Escherichia coli|Third-generation cephalosporins","Total tested isolates","N","2019","BE","Belgium",3937.000000000,""
"Antimicrobial resistance","Escherichia coli|Third-generation cephalosporins","Total tested isolates","N","2019","BG","Bulgaria",352.000000000,""
"Antimicrobial resistance","Escherichia coli|Third-generation cephalosporins","Total tested isolates","N","2019","CY","Cyprus",92.000000000,""
"Antimicrobial resistance","Escherichia coli|Third-generation cephalosporins","Total tested isolates","N","2019","CZ","Czechia",3557.000000000,""
"Antimicrobial resistance","Escherichia coli|Third-generation cephalosporins","Total tested isolates","N","2019","DE","Germany",23413.000000000,""
"Antimicrobial resistance","Escherichia coli|Third-generation cephalosporins","Total tested isolates","N","2019","DK","Denmark",5091.000000000,""
"Antimicrobial resistance","Escherichia coli|Third-generation cephalosporins","Total tested isolates","N","2019","EE","Estonia",910.000000000,""
"Antimicrobial resistance","Escherichia coli|Third-generation cephalosporins","Total tested isolates","N","2019","EL","Greece",190.000000000,""
"Antimicrobial resistance","Escherichia coli|Third-generation cephalosporins","Total tested isolates","N","2019","ES","Spain",8345.000000000,""
"Antimicrobial resistance","Escherichia coli|Third-generation cephalosporins","Total tested isolates","N","2019","FI","Finland",5413.000000000,""
"Antimicrobial resistance","Escherichia coli|Third-generation cephalosporins","Total tested isolates","N","2019","FR","France",13019.000000000,""
"Antimicrobial resistance","Escherichia coli|Third-generation cephalosporins","Total tested isolates","N","2019","HR","Croatia",1085.000000000,""
"Antimicrobial resistance","Escherichia coli|Third-generation cephalosporins","Total tested isolates","N","2019","HU","Hungary",2413.000000000,""
"Antimicrobial resistance","Escherichia coli|Third-generation cephalosporins","Total tested isolates","N","2019","IE","Ireland",3231.000000000,""
"Antimicrobial resistance","Escherichia coli|Third-generation cephalosporins","Total tested isolates","N","2019","IS","Iceland",257.000000000,""
"Antimicrobial resistance","Escherichia coli|Third-generation cephalosporins","Total tested isolates","N","2019","IT","Italy",18409.000000000,""
"Antimicrobial resistance","Escherichia coli|Third-generation cephalosporins","Total tested isolates","N","2019","LT","Lithuania",1132.000000000,""
"Antimicrobial resistance","Escherichia coli|Third-generation cephalosporins","Total tested isolates","N","2019","LU","Luxembourg",492.000000000,""
"Antimicrobial resistance","Escherichia coli|Third-generation cephalosporins","Total tested isolates","N","2019","LV","Latvia",442.000000000,""
"Antimicrobial resistance","Escherichia coli|Third-generation cephalosporins","Total tested isolates","N","2019","MT","Malta",332.000000000,""
"Antimicrobial resistance","Escherichia coli|Third-generation cephalosporins","Total tested isolates","N","2019","NL","Netherlands",7300.000000000,""
"Antimicrobial resistance","Escherichia coli|Third-generation cephalosporins","Total tested isolates","N","2019","NO","Norway",4075.000000000,""
"Antimicrobial resistance","Escherichia coli|Third-generation cephalosporins","Total tested isolates","N","2019","PL","Poland",2803.000000000,""
"Antimicrobial resistance","Escherichia coli|Third-generation cephalosporins","Total tested isolates","N","2019","PT","Portugal",6390.000000000,""
"Antimicrobial resistance","Escherichia coli|Third-generation cephalosporins","Total tested isolates","N","2019","RO","Romania",664.000000000,""
"Antimicrobial resistance","Escherichia coli|Third-generation cephalosporins","Total tested isolates","N","2019","SE","Sweden",9419.000000000,""
"Antimicrobial resistance","Escherichia coli|Third-generation cephalosporins","Total tested isolates","N","2019","SI","Slovenia",1610.000000000,""
"Antimicrobial resistance","Escherichia coli|Third-generation cephalosporins","Total tested isolates","N","2019","SK","Slovakia",846.000000000,""
"Antimicrobial resistance","Escherichia coli|Third-generation cephalosporins","Total tested isolates","N","2019","UK","United Kingdom",26593.000000000,""
"Antimicrobial resistance","Escherichia coli|Third-generation cephalosporins","Total tested isolates","N","2020","AT","Austria",5376.000000000,""
"Antimicrobial resistance","Escherichia coli|Third-generation cephalosporins","Total tested isolates","N","2020","BE","Belgium",4320.000000000,""
"Antimicrobial resistance","Escherichia coli|Third-generation cephalosporins","Total tested isolates","N","2020","BG","Bulgaria",261.000000000,""
"Antimicrobial resistance","Escherichia coli|Third-generation cephalosporins","Total tested isolates","N","2020","CY","Cyprus",114.000000000,""
"Antimicrobial resistance","Escherichia coli|Third-generation cephalosporins","Total tested isolates","N","2020","CZ","Czechia",2997.000000000,""
"Antimicrobial resistance","Escherichia coli|Third-generation cephalosporins","Total tested isolates","N","2020","DE","Germany",28461.000000000,""
"Antimicrobial resistance","Escherichia coli|Third-generation cephalosporins","Total tested isolates","N","2020","DK","Denmark",5286.000000000,""
"Antimicrobial resistance","Escherichia coli|Third-generation cephalosporins","Total tested isolates","N","2020","EE","Estonia",979.000000000,""
"Antimicrobial resistance","Escherichia coli|Third-generation cephalosporins","Total tested isolates","N","2020","EL","Greece",567.000000000,""
"Antimicrobial resistance","Escherichia coli|Third-generation cephalosporins","Total tested isolates","N","2020","ES","Spain",7744.000000000,""
"Antimicrobial resistance","Escherichia coli|Third-generation cephalosporins","Total tested isolates","N","2020","FI","Finland",5367.000000000,""
"Antimicrobial resistance","Escherichia coli|Third-generation cephalosporins","Total tested isolates","N","2020","FR","France",18857.000000000,""
"Antimicrobial resistance","Escherichia coli|Third-generation cephalosporins","Total tested isolates","N","2020","HR","Croatia",827.000000000,""
"Antimicrobial resistance","Escherichia coli|Third-generation cephalosporins","Total tested isolates","N","2020","HU","Hungary",1962.000000000,""
"Antimicrobial resistance","Escherichia coli|Third-generation cephalosporins","Total tested isolates","N","2020","IE","Ireland",2850.000000000,""
"Antimicrobial resistance","Escherichia coli|Third-generation cephalosporins","Total tested isolates","N","2020","IS","Iceland",245.000000000,""
"Antimicrobial resistance","Escherichia coli|Third-generation cephalosporins","Total tested isolates","N","2020","IT","Italy",18750.000000000,""
"Antimicrobial resistance","Escherichia coli|Third-generation cephalosporins","Total tested isolates","N","2020","LT","Lithuania",1142.000000000,""
"Antimicrobial resistance","Escherichia coli|Third-generation cephalosporins","Total tested isolates","N","2020","LU","Luxembourg",428.000000000,""
"Antimicrobial resistance","Escherichia coli|Third-generation cephalosporins","Total tested isolates","N","2020","LV","Latvia",378.000000000,""
"Antimicrobial resistance","Escherichia coli|Third-generation cephalosporins","Total tested isolates","N","2020","MT","Malta",277.000000000,""
"Antimicrobial resistance","Escherichia coli|Third-generation cephalosporins","Total tested isolates","N","2020","NL","Netherlands",7494.000000000,""
"Antimicrobial resistance","Escherichia coli|Third-generation cephalosporins","Total tested isolates","N","2020","NO","Norway",3762.000000000,""
"Antimicrobial resistance","Escherichia coli|Third-generation cephalosporins","Total tested isolates","N","2020","PL","Poland",2172.000000000,""
"Antimicrobial resistance","Escherichia coli|Third-generation cephalosporins","Total tested isolates","N","2020","PT","Portugal",5793.000000000,""
"Antimicrobial resistance","Escherichia coli|Third-generation cephalosporins","Total tested isolates","N","2020","RO","Romania",452.000000000,""
"Antimicrobial resistance","Escherichia coli|Third-generation cephalosporins","Total tested isolates","N","2020","SE","Sweden",9852.000000000,""
"Antimicrobial resistance","Escherichia coli|Third-generation cephalosporins","Total tested isolates","N","2020","SI","Slovenia",1617.000000000,""
"Antimicrobial resistance","Escherichia coli|Third-generation cephalosporins","Total tested isolates","N","2020","SK","Slovakia",727.000000000,""
"Antimicrobial resistance","Escherichia coli|Third-generation cephalosporins","Total tested isolates","N","2021","AT","Austria",5537.000000000,""
"Antimicrobial resistance","Escherichia coli|Third-generation cephalosporins","Total tested isolates","N","2021","BE","Belgium",4721.000000000,""
"Antimicrobial resistance","Escherichia coli|Third-generation cephalosporins","Total tested isolates","N","2021","BG","Bulgaria",263.000000000,""
"Antimicrobial resistance","Escherichia coli|Third-generation cephalosporins","Total tested isolates","N","2021","CY","Cyprus",192.000000000,""
"Antimicrobial resistance","Escherichia coli|Third-generation cephalosporins","Total tested isolates","N","2021","CZ","Czechia",2934.000000000,""
"Antimicrobial resistance","Escherichia coli|Third-generation cephalosporins","Total tested isolates","N","2021","DE","Germany",29021.000000000,""
"Antimicrobial resistance","Escherichia coli|Third-generation cephalosporins","Total tested isolates","N","2021","DK","Denmark",5416.000000000,""
"Antimicrobial resistance","Escherichia coli|Third-generation cephalosporins","Total tested isolates","N","2021","EE","Estonia",929.000000000,""
"Antimicrobial resistance","Escherichia coli|Third-generation cephalosporins","Total tested isolates","N","2021","EL","Greece",727.000000000,""
"Antimicrobial resistance","Escherichia coli|Third-generation cephalosporins","Total tested isolates","N","2021","ES","Spain",7425.000000000,""
"Antimicrobial resistance","Escherichia coli|Third-generation cephalosporins","Total tested isolates","N","2021","FI","Finland",5799.000000000,""
"Antimicrobial resistance","Escherichia coli|Third-generation cephalosporins","Total tested isolates","N","2021","FR","France",18735.000000000,""
"Antimicrobial resistance","Escherichia coli|Third-generation cephalosporins","Total tested isolates","N","2021","HR","Croatia",726.000000000,""
"Antimicrobial resistance","Escherichia coli|Third-generation cephalosporins","Total tested isolates","N","2021","HU","Hungary",2470.000000000,""
"Antimicrobial resistance","Escherichia coli|Third-generation cephalosporins","Total tested isolates","N","2021","IE","Ireland",2903.000000000,""
"Antimicrobial resistance","Escherichia coli|Third-generation cephalosporins","Total tested isolates","N","2021","IS","Iceland",278.000000000,""
"Antimicrobial resistance","Escherichia coli|Third-generation cephalosporins","Total tested isolates","N","2021","IT","Italy",21897.000000000,""
"Antimicrobial resistance","Escherichia coli|Third-generation cephalosporins","Total tested isolates","N","2021","LT","Lithuania",1153.000000000,""
"Antimicrobial resistance","Escherichia coli|Third-generation cephalosporins","Total tested isolates","N","2021","LU","Luxembourg",354.000000000,""
"Antimicrobial resistance","Escherichia coli|Third-generation cephalosporins","Total tested isolates","N","2021","LV","Latvia",393.000000000,""
"Antimicrobial resistance","Escherichia coli|Third-generation cephalosporins","Total tested isolates","N","2021","MT","Malta",299.000000000,""
"Antimicrobial resistance","Escherichia coli|Third-generation cephalosporins","Total tested isolates","N","2021","NL","Netherlands",6575.000000000,""
"Antimicrobial resistance","Escherichia coli|Third-generation cephalosporins","Total tested isolates","N","2021","NO","Norway",3839.000000000,""
"Antimicrobial resistance","Escherichia coli|Third-generation cephalosporins","Total tested isolates","N","2021","PL","Poland",2371.000000000,""
"Antimicrobial resistance","Escherichia coli|Third-generation cephalosporins","Total tested isolates","N","2021","PT","Portugal",5615.000000000,""
"Antimicrobial resistance","Escherichia coli|Third-generation cephalosporins","Total tested isolates","N","2021","RO","Romania",495.000000000,""
"Antimicrobial resistance","Escherichia coli|Third-generation cephalosporins","Total tested isolates","N","2021","SE","Sweden",10633.000000000,""
"Antimicrobial resistance","Escherichia coli|Third-generation cephalosporins","Total tested isolates","N","2021","SI","Slovenia",1681.000000000,""
"Antimicrobial resistance","Escherichia coli|Third-generation cephalosporins","Total tested isolates","N","2021","SK","Slovakia",649.000000000,""
"Antimicrobial resistance","Escherichia coli|Third-generation cephalosporins","Total tested isolates","N","2022","AT","Austria",5096.000000000,""
"Antimicrobial resistance","Escherichia coli|Third-generation cephalosporins","Total tested isolates","N","2022","BE","Belgium",4500.000000000,""
"Antimicrobial resistance","Escherichia coli|Third-generation cephalosporins","Total tested isolates","N","2022","BG","Bulgaria",239.000000000,""
"Antimicrobial resistance","Escherichia coli|Third-generation cephalosporins","Total tested isolates","N","2022","CY","Cyprus",225.000000000,""
"Antimicrobial resistance","Escherichia coli|Third-generation cephalosporins","Total tested isolates","N","2022","CZ","Czechia",3566.000000000,""
"Antimicrobial resistance","Escherichia coli|Third-generation cephalosporins","Total tested isolates","N","2022","DE","Germany",33978.000000000,""
"Antimicrobial resistance","Escherichia coli|Third-generation cephalosporins","Total tested isolates","N","2022","DK","Denmark",5326.000000000,""
"Antimicrobial resistance","Escherichia coli|Third-generation cephalosporins","Total tested isolates","N","2022","EE","Estonia",1003.000000000,""
"Antimicrobial resistance","Escherichia coli|Third-generation cephalosporins","Total tested isolates","N","2022","EL","Greece",1235.000000000,""
"Antimicrobial resistance","Escherichia coli|Third-generation cephalosporins","Total tested isolates","N","2022","ES","Spain",9585.000000000,""
"Antimicrobial resistance","Escherichia coli|Third-generation cephalosporins","Total tested isolates","N","2022","FI","Finland",4568.000000000,""
"Antimicrobial resistance","Escherichia coli|Third-generation cephalosporins","Total tested isolates","N","2022","FR","France",17722.000000000,""
"Antimicrobial resistance","Escherichia coli|Third-generation cephalosporins","Total tested isolates","N","2022","HR","Croatia",987.000000000,""
"Antimicrobial resistance","Escherichia coli|Third-generation cephalosporins","Total tested isolates","N","2022","HU","Hungary",2565.000000000,""
"Antimicrobial resistance","Escherichia coli|Third-generation cephalosporins","Total tested isolates","N","2022","IE","Ireland",3007.000000000,""
"Antimicrobial resistance","Escherichia coli|Third-generation cephalosporins","Total tested isolates","N","2022","IS","Iceland",235.000000000,""
"Antimicrobial resistance","Escherichia coli|Third-generation cephalosporins","Total tested isolates","N","2022","IT","Italy",25656.000000000,""
"Antimicrobial resistance","Escherichia coli|Third-generation cephalosporins","Total tested isolates","N","2022","LI","Liechtenstein",13.000000000,""
"Antimicrobial resistance","Escherichia coli|Third-generation cephalosporins","Total tested isolates","N","2022","LT","Lithuania",1309.000000000,""
"Antimicrobial resistance","Escherichia coli|Third-generation cephalosporins","Total tested isolates","N","2022","LU","Luxembourg",469.000000000,""
"Antimicrobial resistance","Escherichia coli|Third-generation cephalosporins","Total tested isolates","N","2022","LV","Latvia",484.000000000,""
"Antimicrobial resistance","Escherichia coli|Third-generation cephalosporins","Total tested isolates","N","2022","MT","Malta",326.000000000,""
"Antimicrobial resistance","Escherichia coli|Third-generation cephalosporins","Total tested isolates","N","2022","NL","Netherlands",7215.000000000,""
"Antimicrobial resistance","Escherichia coli|Third-generation cephalosporins","Total tested isolates","N","2022","NO","Norway",3739.000000000,""
"Antimicrobial resistance","Escherichia coli|Third-generation cephalosporins","Total tested isolates","N","2022","PL","Poland",2531.000000000,""
"Antimicrobial resistance","Escherichia coli|Third-generation cephalosporins","Total tested isolates","N","2022","PT","Portugal",5526.000000000,""
"Antimicrobial resistance","Escherichia coli|Third-generation cephalosporins","Total tested isolates","N","2022","RO","Romania",690.000000000,""
"Antimicrobial resistance","Escherichia coli|Third-generation cephalosporins","Total tested isolates","N","2022","SE","Sweden",10563.000000000,""
"Antimicrobial resistance","Escherichia coli|Third-generation cephalosporins","Total tested isolates","N","2022","SI","Slovenia",1660.000000000,""
"Antimicrobial resistance","Escherichia coli|Third-generation cephalosporins","Total tested isolates","N","2022","SK","Slovakia",768.000000000,""
"Antimicrobial resistance","Escherichia coli|Third-generation cephalosporins","Total tested isolates","N","2023","AT","Austria",5491.000000000,""
"Antimicrobial resistance","Escherichia coli|Third-generation cephalosporins","Total tested isolates","N","2023","BE","Belgium",4956.000000000,""
"Antimicrobial resistance","Escherichia coli|Third-generation cephalosporins","Total tested isolates","N","2023","BG","Bulgaria",306.000000000,""
"Antimicrobial resistance","Escherichia coli|Third-generation cephalosporins","Total tested isolates","N","2023","CY","Cyprus",331.000000000,""
"Antimicrobial resistance","Escherichia coli|Third-generation cephalosporins","Total tested isolates","N","2023","CZ","Czechia",3892.000000000,""
"Antimicrobial resistance","Escherichia coli|Third-generation cephalosporins","Total tested isolates","N","2023","DE","Germany",36319.000000000,""
"Antimicrobial resistance","Escherichia coli|Third-generation cephalosporins","Total tested isolates","N","2023","DK","Denmark",5272.000000000,""
"Antimicrobial resistance","Escherichia coli|Third-generation cephalosporins","Total tested isolates","N","2023","EE","Estonia",1084.000000000,""
"Antimicrobial resistance","Escherichia coli|Third-generation cephalosporins","Total tested isolates","N","2023","EL","Greece",1739.000000000,""
"Antimicrobial resistance","Escherichia coli|Third-generation cephalosporins","Total tested isolates","N","2023","ES","Spain",9269.000000000,""
"Antimicrobial resistance","Escherichia coli|Third-generation cephalosporins","Total tested isolates","N","2023","FI","Finland",4262.000000000,""
"Antimicrobial resistance","Escherichia coli|Third-generation cephalosporins","Total tested isolates","N","2023","HR","Croatia",1309.000000000,""
"Antimicrobial resistance","Escherichia coli|Third-generation cephalosporins","Total tested isolates","N","2023","HU","Hungary",2756.000000000,""
"Antimicrobial resistance","Escherichia coli|Third-generation cephalosporins","Total tested isolates","N","2023","IE","Ireland",3118.000000000,""
"Antimicrobial resistance","Escherichia coli|Third-generation cephalosporins","Total tested isolates","N","2023","IS","Iceland",258.000000000,""
"Antimicrobial resistance","Escherichia coli|Third-generation cephalosporins","Total tested isolates","N","2023","IT","Italy",28557.000000000,""
"Antimicrobial resistance","Escherichia coli|Third-generation cephalosporins","Total tested isolates","N","2023","LI","Liechtenstein",8.000000000,""
"Antimicrobial resistance","Escherichia coli|Third-generation cephalosporins","Total tested isolates","N","2023","LT","Lithuania",1480.000000000,""
"Antimicrobial resistance","Escherichia coli|Third-generation cephalosporins","Total tested isolates","N","2023","LU","Luxembourg",461.000000000,""
"Antimicrobial resistance","Escherichia coli|Third-generation cephalosporins","Total tested isolates","N","2023","LV","Latvia",462.000000000,""
"Antimicrobial resistance","Escherichia coli|Third-generation cephalosporins","Total tested isolates","N","2023","MT","Malta",416.000000000,""
"Antimicrobial resistance","Escherichia coli|Third-generation cephalosporins","Total tested isolates","N","2023","NL","Netherlands",7840.000000000,""
"Antimicrobial resistance","Escherichia coli|Third-generation cephalosporins","Total tested isolates","N","2023","NO","Norway",3984.000000000,""
"Antimicrobial resistance","Escherichia coli|Third-generation cephalosporins","Total tested isolates","N","2023","PL","Poland",3067.000000000,""
"Antimicrobial resistance","Escherichia coli|Third-generation cephalosporins","Total tested isolates","N","2023","PT","Portugal",6403.000000000,""
"Antimicrobial resistance","Escherichia coli|Third-generation cephalosporins","Total tested isolates","N","2023","RO","Romania",990.000000000,""
"Antimicrobial resistance","Escherichia coli|Third-generation cephalosporins","Total tested isolates","N","2023","SE","Sweden",10725.000000000,""
"Antimicrobial resistance","Escherichia coli|Third-generation cephalosporins","Total tested isolates","N","2023","SI","Slovenia",1639.000000000,""
"Antimicrobial resistance","Escherichia coli|Third-generation cephalosporins","Total tested isolates","N","2023","SK","Slovakia",696.000000000,""
"Antimicrobial resistance","Escherichia coli|Third-generation cephalosporins","Total tested isolates","N","2024","AT","Austria",6170.000000000,""
"Antimicrobial resistance","Escherichia coli|Third-generation cephalosporins","Total tested isolates","N","2024","BE","Belgium",5311.000000000,""
"Antimicrobial resistance","Escherichia coli|Third-generation cephalosporins","Total tested isolates","N","2024","BG","Bulgaria",336.000000000,""
"Antimicrobial resistance","Escherichia coli|Third-generation cephalosporins","Total tested isolates","N","2024","CY","Cyprus",400.000000000,""
"Antimicrobial resistance","Escherichia coli|Third-generation cephalosporins","Total tested isolates","N","2024","CZ","Czechia",4269.000000000,""
"Antimicrobial resistance","Escherichia coli|Third-generation cephalosporins","Total tested isolates","N","2024","DE","Germany",47131.000000000,""
"Antimicrobial resistance","Escherichia coli|Third-generation cephalosporins","Total tested isolates","N","2024","DK","Denmark",5369.000000000,""
"Antimicrobial resistance","Escherichia coli|Third-generation cephalosporins","Total tested isolates","N","2024","EE","Estonia",1116.000000000,""
"Antimicrobial resistance","Escherichia coli|Third-generation cephalosporins","Total tested isolates","N","2024","EL","Greece",1498.000000000,""
"Antimicrobial resistance","Escherichia coli|Third-generation cephalosporins","Total tested isolates","N","2024","ES","Spain",10427.000000000,""
"Antimicrobial resistance","Escherichia coli|Third-generation cephalosporins","Total tested isolates","N","2024","FI","Finland",4132.000000000,""
"Antimicrobial resistance","Escherichia coli|Third-generation cephalosporins","Total tested isolates","N","2024","FR","France",21395.000000000,""
"Antimicrobial resistance","Escherichia coli|Third-generation cephalosporins","Total tested isolates","N","2024","HR","Croatia",1057.000000000,""
"Antimicrobial resistance","Escherichia coli|Third-generation cephalosporins","Total tested isolates","N","2024","HU","Hungary",3067.000000000,""
"Antimicrobial resistance","Escherichia coli|Third-generation cephalosporins","Total tested isolates","N","2024","IE","Ireland",2879.000000000,""
"Antimicrobial resistance","Escherichia coli|Third-generation cephalosporins","Total tested isolates","N","2024","IS","Iceland",290.000000000,""
"Antimicrobial resistance","Escherichia coli|Third-generation cephalosporins","Total tested isolates","N","2024","IT","Italy",31619.000000000,""
"Antimicrobial resistance","Escherichia coli|Third-generation cephalosporins","Total tested isolates","N","2024","LI","Liechtenstein",12.000000000,""
"Antimicrobial resistance","Escherichia coli|Third-generation cephalosporins","Total tested isolates","N","2024","LT","Lithuania",1738.000000000,""
"Antimicrobial resistance","Escherichia coli|Third-generation cephalosporins","Total tested isolates","N","2024","LU","Luxembourg",524.000000000,""
"Antimicrobial resistance","Escherichia coli|Third-generation cephalosporins","Total tested isolates","N","2024","LV","Latvia",641.000000000,""
"Antimicrobial resistance","Escherichia coli|Third-generation cephalosporins","Total tested isolates","N","2024","MT","Malta",493.000000000,""
"Antimicrobial resistance","Escherichia coli|Third-generation cephalosporins","Total tested isolates","N","2024","NL","Netherlands",8981.000000000,""
"Antimicrobial resistance","Escherichia coli|Third-generation cephalosporins","Total tested isolates","N","2024","NO","Norway",3976.000000000,""
"Antimicrobial resistance","Escherichia coli|Third-generation cephalosporins","Total tested isolates","N","2024","PL","Poland",3673.000000000,""
"Antimicrobial resistance","Escherichia coli|Third-generation cephalosporins","Total tested isolates","N","2024","PT","Portugal",7290.000000000,""
"Antimicrobial resistance","Escherichia coli|Third-generation cephalosporins","Total tested isolates","N","2024","RO","Romania",1340.000000000,""
"Antimicrobial resistance","Escherichia coli|Third-generation cephalosporins","Total tested isolates","N","2024","SE","Sweden",10503.000000000,""
"Antimicrobial resistance","Escherichia coli|Third-generation cephalosporins","Total tested isolates","N","2024","SI","Slovenia",1709.000000000,""
"Antimicrobial resistance","Escherichia coli|Third-generation cephalosporins","Total tested isolates","N","2024","SK","Slovakia",777.000000000,""
